RU	EN	Category
24-hour urine test	суточный анализ мочи	test
a-fib	мерцательная аритмия	diagnosis
a1c test	анализ a1c	test
abdomen	брюшная полость	anatomy
abdomen	живот	anatomy
abdomen imaging	обследование брюшной полости	procedure
abdominal cramping	спазмы в животе	symptom
abdominal cramps	схватки в животе	symptom
abdominal distension	вздутие живота	symptom
abdominal pain	боль в животе	symptom
abdominal pain	боль в области живота	symptom
abdominal trauma	травма живота	symptom
abdominal ultrasound	узи брюшной полости	test
ablation	абляция	procedure
abnormal cells	атипичные клетки	symptom
abnormal heart rhythm	нарушение сердечного ритма	diagnosis
abnormal signs	необычные симптомы	symptom
acetaminophen	ацетаминофен	medication
acetaminophen	ацетоминофен	medication
ache	ломота	symptom
aching joints	боль в суставах	symptom
acquired immune deficiency syndrome	синдром приобретенного иммунодефицита	diagnosis
active infection	активная форма	diagnosis
active ingredients	активные ингредиенты	other_medical
active labor	активная фаза родов	procedure
active leg range of motion	активная амплитуда движений ног	procedure
active range of motion	активная амплитуда движений	procedure
acute bronchitis	острый бронхит	diagnosis
acute kidney failure	острая почечная недостаточность	diagnosis
advance directives	предварительные распоряжения	other_medical
aerobic exercises	аэробные упражнения	procedure
aerosol treatment	аэрозольная терапия	procedure
afterbirth	послед	anatomy
afterbirth pains	боли при выходе последа	symptom
afterbirth pains	схваткообразные боли в животе	symptom
aggressive behavior	агрессивное поведение	symptom
agitation	беспокойство	symptom
aids	спид	diagnosis
air bubbles	пузырьки воздуха	other_medical
air pollution	загрязнение воздуха	other_medical
air sacs	альвеолы	anatomy
air sacs	воздушные мешочки	anatomy
airway	дыхательные пути	anatomy
airway collapse	смыкание дыхательных путей	symptom
airway swelling	отек дыхательных путей	symptom
airways	воздушные пути	anatomy
airways	дыхательные пути	anatomy
albumin test	анализ на альбумин	test
alcohol	алкоголь	medication
alcohol pad	спиртовая салфетка	other_medical
alcohol-based hand sanitizer	дезинфицирующее средство для рук с содержанием спирта	medication
alcohol-based hand sanitizer	спиртовое дезинфицирующее средство	other_medical
allergic reaction	аллергическая реакция	symptom
allergies	аллергические реакции	symptom
allergies	аллергия	diagnosis
allergy	аллергия	diagnosis
allergy testing	аллергические пробы	test
alopecia	алопеция	symptom
alpha fetoprotein test	тест на альфа-фетопротеин	test
alveoli	альвеолы	anatomy
alzheimer's dementia	болезнь альцгеймера	diagnosis
alzheimer's disease	болезнь альцгеймера	diagnosis
amniocentesis	амниоцентез	procedure
amniotic cavity	амниотическая полость	anatomy
amniotic fluid	околоплодные воды	anatomy
amyloid plaques	амилоидные бляшки	other_medical
anemia	анемия	diagnosis
aneurysm clips	аневризматические клипсы	other_medical
angina	стенокардия	diagnosis
angiogram	ангиограмма	procedure
angiogram	ангиография	test
angioplasty	ангиопластика	procedure
animal bite	укус животного	diagnosis
ankle	голеностопный сустав	anatomy
ankle	лодыжка	anatomy
ankle circles	круговые движения лодыжками	procedure
ankle exercises	упражнения для лодыжек	procedure
ankle pumps	качающие движения голеностопного сустава	procedure
ankle stretch	вытягивание лодыжки	procedure
ankle swelling	отек лодыжек	symptom
anorexia	анорексия	diagnosis
anoxia	аноксия	diagnosis
antacids	антациды	medication
anthrax	сибирская язва	diagnosis
anthrax vaccine	вакцина против сибирской язвы	medication
anti-seizure medicine	противосудорожные препараты	medication
antibiotic	антибиотик	medication
antibiotic cream	крем с антимикробным действием	medication
antibiotic cream	мазь с антибиотиком	medication
antibiotic medicine	антибиотик	medication
antibiotic medicine	антибиотики	medication
antibiotic ointment	мазь с антимикробным действием	medication
antibiotics	антибиотики	medication
antibodies	антитела	other_medical
anticoagulant	антикоагулянты	medication
antidepressants	антидепрессанты	medication
antihistamine	антигистаминный препарат	medication
antiviral medicines	противовирусные препараты	medication
antiviral therapy	антивирусная терапия	procedure
anus	анус	anatomy
anus	задний проход	anatomy
anxiety	беспокойство	symptom
anxiety	тревога	diagnosis
anxiety	тревожность	symptom
aorta	аорта	anatomy
apd	апд	procedure
apnea	апноэ	symptom
appendectomy	аппендэктомия	procedure
appendix	аппендикс	anatomy
appetite changes	изменение аппетита	symptom
appetite suppressant	подавитель аппетита	other_medical
arch of foot	изгиб ступни	anatomy
areola	ареола	anatomy
arm injury	травма руки	diagnosis
arm soreness	боль в руке	symptom
armpit	подмышечная впадина	anatomy
artery is joined to a vein	артерия соединяется с веной	procedure
arthritis	артрит	diagnosis
artificial heart valve	искусственный клапан сердца	other_medical
artificial joint	искусственный сустав	other_medical
artificial kidney	искусственная почка	other_medical
asbestos	асбест	other_medical
aspart insulin	инсулин аспарт	medication
aspartame	аспартам	medication
aspirin	аспирин	medication
assistive devices	вспомогательные принадлежности	other_medical
asthma	астма	diagnosis
asthma attack	приступ астмы	symptom
asthma attacks	приступы астмы	diagnosis
asthma severity	степень тяжести астмы	diagnosis
asthma triggers	аллергены	other_medical
atrial fibrillation	фибрилляция предсердий	diagnosis
atrophic vaginitis	атрофический вагинит	diagnosis
aura	аура	symptom
automated peritoneal dialysis	автоматический перитонеальный диализ	procedure
autonomic neuropathy	вегетативная нейропатия	diagnosis
av fistula	артериовенозный свищ	procedure
axillary temperature	температура под мышкой	test
baby blues	послеродовый стресс	diagnosis
baby food	детское питание	other_medical
baby's heart rate	сердечный ритм плода	test
baby's heartbeat	сердцебиение плода	test
back	спина	anatomy
back injury	травма спины	diagnosis
back muscles	мышцы спины	anatomy
back pain	болит спина	symptom
back pain	боль в спине	symptom
back problems	проблемы со спиной	diagnosis
back strain	напряжение спины	symptom
backache	боль в спине	symptom
bacteria	бактерии	other_medical
bacterial infection	бактериальная инфекция	diagnosis
bacterial pneumonia	бактериальная пневмония	diagnosis
bacterial vaginosis	бактериальный вагиноз	diagnosis
bad dreams	ночные кошмары	symptom
bad taste in mouth	неприятный привкус во рту	symptom
balance loss	потеря равновесия	symptom
balance problems	проблемы с равновесием	symptom
ball of foot	передняя часть стопы	anatomy
ball of foot	подушечка стопы	anatomy
balloon	баллон	other_medical
balloon angioplasty	баллонная ангиопластика	procedure
band-aid	пластырь	other_medical
bandage	повязка	procedure
barium enema	бариевая клизма	test
barium mixture	бариевая смесь	medication
barium x-ray	рентген с барием	test
barium x-rays	рентген с барием	test
basal cell carcinoma	базально-клеточная карцинома	diagnosis
bat bite	укус летучей мыши	diagnosis
battery-powered wheelchair	инвалидное кресло на аккумуляторе	other_medical
behavior modification	изменение привычек	procedure
behavior problems	проблемы с поведением	symptom
benign tumors	доброкачественные опухоли	diagnosis
biofeedback	метод биологической обратной связи	procedure
biological emergency	биологическая катастрофа	other_medical
biophysical profile	биофизический профиль	test
biopsy	биопсия	procedure
biotherapy	биотерапия	procedure
birth control	противозачаточные средства	medication
birth control pills	противозачаточные таблетки	medication
birth defects	врожденные дефекты	diagnosis
bisacodyl	бисакодил	medication
biscodyl	бисакодил	medication
bitter taste	горький привкус	symptom
black cohosh	клопогон кистевидный	medication
bladder	мочевой пузырь	anatomy
bladder control	контроль работы мочевого пузыря	symptom
bladder infection	инфекция мочевого пузыря	diagnosis
bladder infection	инфекция мочеиспускательного канала	diagnosis
bladder retraining program	программа тренировки мочевого пузыря	procedure
bladder stones	камни в мочевом пузыре	diagnosis
bladder test	уродинамическое исследование	test
bleeding	кровотечение	symptom
bleeding	кровоточить	symptom
bleeding at the site	кровотечение на месте ввода	symptom
bleeding disorder	нарушение кровообращения	diagnosis
bleeding gums	кровотечение десен	symptom
bleeding problems	кровотечения	symptom
blindness	слепота	symptom
blister	волдырь	symptom
blisters	волдыри	symptom
bloated	вздутие	symptom
bloated	вздутие живота	symptom
bloating	вздутие живота	symptom
blockage	закупорка сосуда	diagnosis
blockage in blood vessels	закупорка кровеносных сосудов	diagnosis
blood cancer	рак крови	diagnosis
blood cells	кровяные клетки	anatomy
blood cholesterol	холестерин	other_medical
blood cholesterol level	уровень холестерина в крови	test
blood clot	тромб	other_medical
blood clot filter	кава-фильтр	other_medical
blood clots	сгустки крови	symptom
blood clots	тромбы	diagnosis
blood diseases	заболевания крови	diagnosis
blood flow	кровообращение	other_medical
blood flow	кровоток	other_medical
blood glucose	глюкоза в крови	test
blood in stool	кровь в стуле	symptom
blood in stool	следы крови в стуле	symptom
blood loss	потеря крови	symptom
blood pressure	давление	test
blood pressure	кровяное давление	test
blood pressure check	измерение давления	test
blood pressure check	проверка артериального давления	test
blood pressure cuff	манжета для измерения давления	other_medical
blood pressure cuff	манжета для измерения кровяного давления	procedure
blood pressure medicine	лекарство для снижения давления	medication
blood pressure medicine	лекарство от повышенного артериального давления	medication
blood pressure medicine	лекарство, нормализующее кровяное давление	medication
blood pressure medicines	лекарства от кровяного давления	medication
blood sample	анализ крови	test
blood sample	образец крови	procedure
blood sugar	сахар в крови	test
blood sugar	уровень сахара	test
blood sugar	уровень сахара в крови	test
blood sugar level	уровень сахара в крови	test
blood sugar levels	уровень сахара в крови	test
blood supplies	кровоток	anatomy
blood test	анализ крови	test
blood test for jaundice	анализ крови на желтуху	test
blood tests	анализ крови	test
blood tests	анализы крови	test
blood thinner	лекарства для разжижения крови	medication
blood thinner medicine	препарат, разжижающий кровь	medication
blood thinners	лекарства для разжижения крови	medication
blood thinners	препараты, разжижающие кровь	medication
blood transfusion	переливание крови	procedure
blood type	группа крови	test
blood urea nitrogen	азот в составе мочевины крови	test
blood vessel	кровеносный сосуд	anatomy
blood vessel disease	заболевание кровеносных сосудов	diagnosis
blood vessel disease	сосудистые заболевания	diagnosis
blood vessel swelling	расширение кровеносных сосудов	symptom
blood vessels	кровеносные сосуды	anatomy
blood vessels	сосуды	anatomy
blood-thinning medication	лекарства для разжижения крови	medication
bloody show	отхождение слизистой пробки	symptom
bloody urine	кровь в моче	symptom
blue or gray skin color	кожа синего или серого цвета	symptom
blueness around mouth	посинение вокруг рта	symptom
bluish-gray fingernails	посинение ногтей	symptom
bluish-gray spots	синевато-серые пятна	symptom
blurred vision	затуманенное зрение	symptom
blurred vision	помутнение зрения	symptom
blurred vision	размытое зрение	symptom
blurred vision	расплывчатое зрение	symptom
blurry vision	затуманенное зрение	symptom
blurry vision	размытое зрение	symptom
body aches	боль в теле	symptom
body aches	ломота в теле	symptom
body temperature	температура тела	test
boil	фурункул	symptom
boils	фурункулез	diagnosis
bone cancer	рак костей	diagnosis
bone cement	костный цемент	medication
bone densitometry test	остеоденситометрия	test
bone density	плотность костей	test
bone fracture	перелом	diagnosis
bone fracture	перелом кости	diagnosis
bone fracture	переломы костей	diagnosis
bone loss	потеря костной массы	symptom
bone marrow	костный мозг	anatomy
bone marrow biopsy	биопсия костного мозга	test
bone mineral density test	анализ минеральной плотности костной ткани	test
bone scan	сцинтиграфия	test
bone spurs	костные наросты	symptom
bones	кости	anatomy
booster seat	бустер	other_medical
bottle-feeding	искусственное вскармливание	procedure
bowel control	контроль работы кишечника	symptom
bowel disease	заболевание кишечника	diagnosis
bowel habits	работа кишечника	symptom
bowel movement	испражнение	symptom
bowel movement	опорожнение кишечника	symptom
bowel movement	стул	symptom
bowel movements	дефекация	other_medical
bowel movements	стул	symptom
bowel prep	подготовка кишечника	procedure
brachytherapy	брахитерапия	procedure
brain	мозг	anatomy
brain activity	активность мозга	test
brain bleeding	кровотечение в мозге	symptom
brain bruising	ушиб головного мозга	symptom
brain damage	повреждение мозга	symptom
brain death	смерть мозга	diagnosis
brain disorders	нарушения работы мозга	diagnosis
brain injury	травма головного мозга	diagnosis
brain injury	черепно-мозговая травма	diagnosis
brain swelling	отек головного мозга	symptom
brain tissue shrinkage	уменьшение мозговой ткани	symptom
brain tumors	опухоли мозга	diagnosis
brand name medicine	фирменный препарат	medication
braxton-hicks	схватки брэкстона-хикса	symptom
breast	грудь	anatomy
breast biopsy	биопсия молочной железы	procedure
breast cancer	рак груди	diagnosis
breast engorgement	застой молока	symptom
breast engorgement	нагрубание молочных желез	symptom
breast engorgement	прибывание молока	symptom
breast exam	обследование груди	procedure
breast exam	обследование молочных желез	procedure
breast implants	грудные имплантаты	other_medical
breast infection	инфекция в груди	diagnosis
breast infection	инфекция молочной железы	diagnosis
breast massage	массаж груди	procedure
breast milk	грудное молоко	medication
breast milk expression	сцеживание грудного молока	procedure
breast milk storage	хранение грудного молока	procedure
breast pump	молокоотсос	procedure
breast reconstruction	реконструктивная хирургия груди	procedure
breast swelling	набухание груди	symptom
breast tenderness	чувствительность груди	symptom
breast tissue	ткань груди	anatomy
breast tissue	ткань молочной железы	anatomy
breast tissue expander	тканевые расширители груди	other_medical
breast ultrasound	узи молочных желез	test
breastbone	грудина	anatomy
breastfeed	кормить грудью	procedure
breastfeed	кормить ребенка грудью	procedure
breastfeeding	грудное вскармливание	other_medical
breastfeeding	кормление	procedure
breastfeeding	кормление грудью	procedure
breastfeeding	прикладывание к груди	procedure
breastfeeding latch	прикладывание к груди	procedure
breastmilk	грудное молоко	other_medical
breastmilk	материнское молоко	other_medical
breasts	грудь	anatomy
breathing	дыхание	test
breathing difficulty	затрудненное дыхание	symptom
breathing difficulty	трудность дыхания	symptom
breathing exerciser	дыхательный тренажер	procedure
breathing exercises	дыхательная гимнастика	procedure
breathing exercises	дыхательные упражнения	procedure
breathing faster than normal	учащенное дыхание	symptom
breathing medicines	лекарства для органов дыхания	medication
breathing problems	затруднение дыхания	symptom
breathing problems	проблемы с дыханием	symptom
breathing rate	частота дыхания	test
breathing treatment	ингаляционное лечение	procedure
breathing trouble	проблемы с дыханием	symptom
breathing tube	дыхательная трубка	procedure
bridge	мостик	procedure
bridging	мостик	procedure
brisk walking	быстрая ходьба	other_medical
brittle bones	хрупкие кости	symptom
broken bone	перелом	diagnosis
broken bone	сломанная кость	diagnosis
broken bones	переломы	diagnosis
bronchi	бронхи	anatomy
bronchioles	бронхиолы	anatomy
bronchitis	бронхит	diagnosis
bronchoscopy	бронхоскопия	procedure
bronchus	бронхи	anatomy
brown urine	моча коричневого цвета	symptom
bruised	кровоподтеки	symptom
bruised	с кровоподтеками	symptom
bruised	синеть	symptom
bruised spots	синяки	symptom
bruising	кровоподтек	symptom
bruising	кровоподтеки	symptom
bruising	синяк	symptom
bruising	синяки	symptom
bulb syringe	аспиратор	procedure
bulimia	булимия	diagnosis
bulk laxative	слабительное, увеличивающее объем	medication
bun test	анализ bun	test
burning	жжение	symptom
burning pain	жжение	symptom
burning sensation	жжение	symptom
burning skin	ожоги кожи	symptom
burning when passing urine	жжение при мочеиспускании	symptom
burns	ожоги	diagnosis
burp	отрыгнуть	procedure
burp	срыгивание	procedure
burp baby	подождать отрыжки	procedure
burping	отрыжка	procedure
buttocks	ягодицы	anatomy
bypass surgery	операция шунтирования	procedure
caffeine	кофеин	medication
calcium	кальций	medication
calcium supplement	кальций	medication
calcium supplement	кальцийсодержащий препарат	medication
calcium supplements	препараты кальция	medication
callus	мозоль	symptom
cancer	рак	diagnosis
cancer cells	раковые клетки	anatomy
cancer in the blood	рак крови	diagnosis
cancer in the bone	рак костей	diagnosis
cancer screening	тестирование на рак	test
cancer treatment	лечение онкологических заболеваний	procedure
cancer treatment	лечение онкологического заболевания	procedure
cancer treatment	лечение рака	procedure
cancer-related fatigue	утомляемость, связанная с раком	symptom
canker sores	афтозный стоматит	symptom
capd	напд	procedure
carbon monoxide	угарный газ	other_medical
carbon monoxide detector	детектор угарного газа	other_medical
carbon monoxide poisoning	отравление угарным газом	diagnosis
carcinoma	карцинома	diagnosis
cardiac catheterization	коронарография	procedure
cardiac magnetic resonance imaging	магнитно-резонансная томография сердца	test
cardiac rehab program	курс реабилитации для больных с заболеваниями сердца	procedure
cardiac rehab program	программа реабилитации сердца	procedure
cardiac stress test	нагрузочный тест сердца	test
cardiac ultrasound	узи сердца	test
cardiopulmonary resuscitation	реанимация	procedure
cardioversion	кардиоверсия	procedure
cartilage	хрящ	anatomy
cartilage breakdown	разрушение хряща	symptom
cast	гипс	procedure
cast	гипсовая повязка	procedure
cat stretch	выгибание позвоночника	procedure
cataracts	катаракта	diagnosis
catheter	катетер	procedure
ccpd	нцпд	procedure
central catheter	центральный катетер	procedure
cephalexin	цефалексин	medication
cerebral hemorrhage	кровоизлияние в мозг	diagnosis
cerebral palsy	церебральный паралич	diagnosis
cerebrospinal fluid	спинномозговая жидкость	anatomy
cervical cancer	рак шейки матки	diagnosis
cervical cancer screening	скрининг на рак шейки матки	test
cervical changes	изменения шейки матки	symptom
cervical curve	шейный изгиб	anatomy
cervix	шейка матки	anatomy
cervix dilation	раскрытие шейки матки	symptom
cesarean birth	кесарево сечение	procedure
cesarean delivery	кесарево сечение	procedure
change in sleeping pattern	изменение характера сна	symptom
changes in behavior	изменение поведения	symptom
changes in bowel habits	изменения в работе кишечника	symptom
changes in taste and smell	изменения вкуса и запаха	symptom
cheek	щека	anatomy
cheek puff exercise	надувание щек	procedure
chemical emergency	химическая катастрофа	other_medical
chemical poisoning	химическое отравление	diagnosis
chemo	химия	procedure
chemotherapy	химиотерапия	procedure
chemotherapy medicines	химиотерапевтические препараты	medication
chest	грудная клетка	anatomy
chest bones	кости груди	anatomy
chest cold	простудное заболевание	diagnosis
chest compression	компрессия грудной клетки	procedure
chest congestion	заложенность в груди	symptom
chest pain	боль в груди	symptom
chest pressure	давление в груди	symptom
chest pressure	ощущение сдавливания в груди	symptom
chest pressure	сдавливание груди	symptom
chest pressure	чувство сдавливания в груди	symptom
chest surgery	операция на груди	procedure
chest tightness	сдавленность в грудной клетке	symptom
chest x-ray	рентген грудной клетки	test
chest x-ray	рентгеновский снимок грудной клетки	test
chest x-ray	рентгенография легких	test
chest x-ray	рентгенография органов грудной клетки	test
chest x-ray	флюорография	test
chest x-ray	флюорография грудной клетки	test
chewing problems	проблемы с жеванием	symptom
chg soap	мыло с хгг	medication
chickenpox	ветряная оспа	diagnosis
child safety seats	детские сиденья	other_medical
child's weight	вес ребенка	other_medical
children's tylenol	детский тайленол	medication
chills	озноб	symptom
chlorhexidine gluconate	хлоргексидин глюконат	medication
chlorhexidine gluconate	хлоргексидина биглюконат	medication
chlorhexidine gluconate	хлоргексидина глюконат	medication
choking	закупорка дыхательных путей	symptom
choking	поперхивание	symptom
choking	удушье	symptom
cholesterol	холестерин	other_medical
cholesterol test	анализ крови на холестерин	test
chorionic villus sampling	проба ворсинчатого хориона	procedure
chronic bronchitis	хронический бронхит	diagnosis
chronic kidney failure	хроническая почечная недостаточность	diagnosis
chronic obstructive pulmonary disease	хронические обструктивные болезни легких	diagnosis
ciprofloxacin	ципрофлоксацин	medication
circulation problems	проблемы с кровообращением	symptom
circumcised penis	обрезанный пенис	anatomy
circumcision	обрезание	procedure
citrucel	цитруцел	medication
clean catch	чистый сбор	procedure
clean catch urine sample	сбор мочи методом clean catch	test
clear liquid diet	диета прозрачных жидкостей	other_medical
clear liquids	прозрачные жидкости	other_medical
clonidine	клофелин	medication
cloudy urine	мутная моча	symptom
cluster headache	кластерная головная боль	diagnosis
coil	катушка	other_medical
cold	простуда	diagnosis
cold hands and feet	холодные руки и ноги	symptom
cold hands or feet	холод в руках или ногах	symptom
cold packs	охлаждающий пакет	procedure
cold sores	герпес	symptom
cold treatment	холодовое лечение	procedure
coldness	холод	symptom
colon	ободочная кишка	anatomy
colon	толстая кишка	anatomy
colon cancer	рак ободочной кишки	diagnosis
colon cancer	рак толстой кишки	diagnosis
colon cramping	кишечные спазмы	symptom
colon examination	обследование кишечника	procedure
colon inflammation	воспаление толстой кишки	symptom
colon lining	выстилка ободочной кишки	anatomy
colonoscopy	колоноскопия	procedure
color changes	изменение цвета	symptom
colorectal cancer	колоректальный рак	diagnosis
colostomy	осмотр прямой и ободочной кишки	procedure
colostrum	молозиво	anatomy
colposcope	кольпоскоп	procedure
coma	кома	diagnosis
comfort suck	сосать грудь для успокоения	procedure
computerized tomography scan	кт-сканирование	test
concentration problems	проблемы с вниманием	symptom
concussion	сотрясение	diagnosis
condoms	презервативы	other_medical
confused thoughts	помрачение сознания	symptom
confusion	дезориентация	symptom
confusion	помутнение сознания	symptom
confusion	растерянность	symptom
confusion	спутанность сознания	symptom
confusion	чувство замешательства	symptom
confusion about time and space	ориентацией во времени и пространстве	symptom
congestive heart failure	застойная сердечная недостаточность	diagnosis
constant pain	постоянная боль	symptom
constipation	запор	symptom
contagious	заразный	symptom
continuous ambulatory peritoneal dialysis	непрерывный амбулаторный перитонеальный диализ	procedure
continuous cough	непрекращающийся кашель	symptom
continuous cycling peritoneal dialysis	непрерывный циклический перитонеальный диализ	procedure
continuous positive airway pressure machine	прибор для поддержания постоянного положительного давления в дыхательных путях	procedure
contraction stress test	контрактильный стрессовый тест	test
contractions	схватки	symptom
contrast	контрастное вещество	medication
contrast medicine	контрастное вещество	medication
contusion	контузия	diagnosis
convulsions	конвульсии	symptom
convulsions	судороги	symptom
cool down	упражнения на расслабление	procedure
cool-mist humidifier	рассеивающий увлажнитель воздуха	other_medical
coordination issues	проблемы с координацией	symptom
coordination issues	проблемы с координацией движений	symptom
coordination problems	проблемы с координацией	symptom
copd	хобл	diagnosis
cord care	уход за пупком	procedure
core needle biopsy	толстоигольная биопсия	procedure
corn	костная мозоль	symptom
coronary angiogram	коронарная ангиограмма	test
coronary angioplasty	коронарная ангиопластика	procedure
coronary arteries	коронарные артерии	anatomy
coronary artery bypass surgery	аортокоронарное шунтирование	procedure
coronary artery disease	ишемическая болезнь сердца	diagnosis
corticosteroids	кортикостероиды	medication
cough	кашель	symptom
cough medicine	лекарство от кашля	medication
cough that does not go away	кашель, который не проходит	symptom
cough up blood	харкать кровью	symptom
coughing	кашель	symptom
coughing	прокашливание	procedure
coughing exercises	кашлевые упражнения	procedure
coughing exercises	упражнения по кашлю	procedure
coughing up blood	отхаркивание крови	symptom
coumadin	кумадин	medication
counseling	консультация	procedure
counseling	психологическая помощь	procedure
cpap	сипап	procedure
cpap machine	cpap аппарат	procedure
cpr	реанимация	procedure
cracked lips	потрескавшиеся губы	symptom
cracked nipple	потрескавшийся сосок	symptom
cramping	спазм	symptom
cramping	спазмы	symptom
cramping pain	спазмы и боль	symptom
cramps	спазмы	symptom
crawling sensation	ощущение покалывания	symptom
creatinine test	тест на креатинин	test
creeping sensation	ощущение мурашек	symptom
cross-eyed	косоглазие	symptom
crutches	костыли	other_medical
crying	плач	symptom
csf	цсж	anatomy
ct scan	кт	test
curl up	скручивания	procedure
cushing's disease	болезнь кушинга	diagnosis
cyanosis	посинение	symptom
cyanosis	синий или серый оттенок	symptom
cyberbullying	кибербуллинг	other_medical
cycler	циклер	other_medical
cyst	киста	diagnosis
cystic fibrosis	кистозный фиброз	diagnosis
cystoscopy	цистоскопия	procedure
cysts	кисты	diagnosis
daytime sleepiness	дневная сонливость	symptom
deafness	глухота	symptom
decontamination	обеззараживание	procedure
decontamination	санитарная обработка	procedure
decreased blood flow	уменьшение притока крови	symptom
decreased fetal movement	снижение двигательной активности плода	symptom
deep breathing	глубоко дышать	procedure
deep breathing	глубокое дыхание	procedure
deep breathing exercises	дыхательные упражнения	procedure
deep breathing exercises	упражнения по глубокому дыханию	procedure
deep breaths	глубокие вдохи	procedure
deep cough	глубокий кашель	symptom
deep knee bends	глубокие приседания	procedure
deep sleep	крепкий сон	symptom
defibrillator	дефибриллятор	procedure
dehydrate	обезвоживание	symptom
dehydration	обезвоживание	diagnosis
dehydration	обезвоживание организма	diagnosis
delayed stomach emptying	задержка опорожнения желудка	symptom
delivery	рождение ребенка	procedure
dementia	деменция	diagnosis
dementia	слабоумие	diagnosis
dental care	лечение зубов	procedure
dental floss	зубная нить	other_medical
dental x-rays	рентген зубов	test
dentures	зубные протезы	other_medical
depression	депрессия	diagnosis
dermatologist	дерматолог	other_medical
detemer	детемер	medication
diabetes	диабет	diagnosis
diabetes education	учебные занятия по диабету	procedure
diabetes medicine	диабетические лекарства	medication
diabetes medicines	лекарства от диабета	medication
diabetes pills	таблетки от диабета	medication
diabetic neuropathy	диабетическая невропатия	diagnosis
diabetic neuropathy	диабетическая нейропатия	diagnosis
diabetic retinopathy	диабетическая ретинопатия	diagnosis
dialysate	диализат	medication
dialysis	диализ	procedure
dialysis access	место подключения	procedure
dialysis machine	диализный аппарат	other_medical
diaper rash	опрелость	symptom
diaphragm	влагалищная диафрагма	other_medical
diaphragm	диафрагма	anatomy
diarrhea	диарея	symptom
diarrhea	понос	symptom
diastolic reading	диастолическое давление	test
dietitian	диетолог	other_medical
diffuse axonal injury	диффузное аксональное повреждение	diagnosis
digestion	пищеварение	other_medical
digestive tract	пищеварительный тракт	anatomy
digital thermometer	цифровой термометр	other_medical
digital thermometer	электронный термометр	other_medical
dilated eye exam	офтальмоскопия при расширенном зрачке	test
dim vision	мутное зрение	symptom
dimenhydrinate	дименгидринат	medication
diphtheria	дифтерия	diagnosis
discomfort	дискомфорт	symptom
discs	диски	anatomy
disinfectant cleaner	дезинфицирующее моющее средство	other_medical
disorientation	дезориентация	symptom
disposable respirator	одноразовый респиратор	other_medical
dizziness	головокружение	symptom
dizzy	головокружение	symptom
do not resuscitate order	распоряжение об отказе от реанимации	other_medical
dong quai	дягель лекарственный	medication
dopamine	дофамин	medication
doppler ultrasound	ультразвуковое доплеровское исследование	procedure
dose	доза	other_medical
dose	дозировка	other_medical
double knee to chest	прижимание колен к груди	procedure
double vision	двоение в глазах	symptom
double vision	двойное зрение	symptom
douching	спринцевание	procedure
doxycycline	доксициклин	medication
doxylamine	доксиламин	medication
drain the infection	дренирование	procedure
drainage	выделение	symptom
drainage	выделения	symptom
drainage from skin wounds	выделения из ран	symptom
dressing	повязка	other_medical
drooling	обильное слюноотделение	symptom
drooling	слюнотечение	symptom
dropper	пипетка	other_medical
drowning	утопление	diagnosis
drug resistance	устойчивость к лекарствам	other_medical
dry eyes	сухость глаз	symptom
dry mouth	сухость во рту	symptom
dtap	акдс	medication
dual-energy x-ray absorptiometry	двухэнергетическая рентгеновская абсорбциометрия	test
dulcolax	dulcolax	medication
dulcolax	дульколакс	medication
dull pain	тупая боль	symptom
duodenum	двенадцатиперстная кишка	anatomy
dwell time	время нахождения жидкости	other_medical
dxa scan	dxa сканирование	test
dye injection	введение красителя	procedure
dysphagia	дисфагия	diagnosis
dysphagia	затруднение глотания	symptom
dysuria	боль при мочеиспускании	symptom
ear canal	слуховой проход	anatomy
ear drainage	выделения из уха	symptom
ear fullness	заложенность в ухе	symptom
ear infection	ушная инфекция	diagnosis
ear pain	боль в ухе	symptom
ear pain	боль в ушах	symptom
earache	ушная боль	symptom
eardrum	барабанная перепонка	anatomy
early delivery	преждевременные роды	symptom
early labor	ранняя фаза родов	procedure
eating problems	проблемы с приемом пищи	symptom
ecg	экг	test
echocardiogram	эхокардиограмма	test
eclampsia	эклампсия	diagnosis
eczema	экзема	diagnosis
eeg	ээг	test
effortful swallow	глотание с усилием	procedure
egd	фгдс	test
ekg	экг	test
elbow	локоть	anatomy
elbow flexion and extension	сгибание и разгибание локтя	procedure
elbow joint	локтевой сустав	anatomy
elbow press up	отжимание с упором на локти	procedure
electric breast pump	электрический молокоотсос	other_medical
electrical activity of the brain	электрическая активность мозга	other_medical
electrical impulse	электрический импульс	other_medical
electrical shock	электрошок	procedure
electrical stimulation	электростимуляция	procedure
electrocardiogram	экг	test
electrocardiogram	электрокардиограмма	test
electrodes	электроды	other_medical
electroencephalogram	электроэнцефалограмма	test
electrolyte drinks	напитки с содержанием электролитов	medication
electrolytes	электролиты	medication
electromyogram	электромиография	test
electromyography	электромиография	test
electrophysiology study	электрофизиологическое исследование	test
emergency care	скорая помощь	procedure
emergency department	отделение неотложной помощи	other_medical
emg	эмг	test
emotional changes	эмоциональные изменения	symptom
emphysema	эмфизема	diagnosis
end-stage renal failure	терминальная стадия почечной недостаточности	diagnosis
endogastroduodenoscopy	эндоскопия верхних отделов	test
enemas	клизмы	procedure
engorgement	нагрубание молочных желез	diagnosis
enlarged heart	увеличенное сердце	diagnosis
epidural hematoma	эпидуральная гематома	diagnosis
epilepsy	эпилепсия	diagnosis
episiotomy	эпизиотомия	procedure
eps	эфи	test
ercp	эрхпг	procedure
erectile dysfunction	эректильная дисфункция	symptom
esophagus	пищевод	anatomy
estrogen	эстроген	anatomy
estrogen cream	вагинальный крем с эстрогеном	medication
estrogen replacement therapy	заместительная терапия эстрогеном	procedure
estrogen ring	вагинальное кольцо с эстрогеном	medication
estrogen tablet	вагинальная таблетка с эстрогеном	medication
exam table	смотровое кресло	other_medical
excessive bleeding	сильное кровотечение	symptom
excessive crying	слишком много плачет	symptom
excessive crying	чрезмерная плаксивость	symptom
exchange	цикл обмена	procedure
excisional biopsy	эксцизионная биопсия	procedure
exercise	физические упражнения	procedure
exercise bike	велотренажер	procedure
exercise session	занятие упражнениями	procedure
exercise stress test	нагрузочный тест на тренажере	test
expiration date	срок годности	other_medical
external radiation therapy	внешняя лучевая терапия	procedure
external rotation	внешнее вращение	procedure
extreme thirst	сильная жажда	symptom
eye burns	жжение глаз	symptom
eye dilation	осмотр глазного дна	procedure
eye discharge	выделения из глаз	symptom
eye discomfort	дискомфорт в глазах	symptom
eye drops	глазные капли	medication
eye exam	проверка зрения	procedure
eye injury	повреждения глаз	symptom
eye motion under the lid	движение глаз под веками	symptom
eye pain	боль в глазах	symptom
eye pressure test	измерение внутриглазного давления	test
eye specialist	окулист	other_medical
eye surgery	хирургическое вмешательство на глазах	procedure
face shield	защитная повязка	other_medical
facemask	защитная маска	other_medical
facial strengthening exercises	упражнения для укрепления мышц лица	procedure
facial strengthening exercises	упражнения на укрепление лица	procedure
faint	слабость	symptom
fainting	обморок	symptom
fainting	обмороки	symptom
fall asleep during the day	засыпание в течение дня	symptom
fall risk assessment	оценка риска падений	test
fallopian tube	фалопиева труба	anatomy
false labor	ложные схватки	symptom
family medicine doctor	семейный врач	other_medical
fast breathing	одышка	symptom
fast heart beat	учащенное сердцебиение	symptom
fast heart beats	ускоренное сердцебиение	symptom
faster heartbeat	учащенное сердцебиение	symptom
fasting	натощак	procedure
fasting blood sugar	анализ крови на сахар натощак	test
fasting blood sugar test	анализ уровня сахара натощак	test
fasting plasma glucose	анализ глюкозы плазмы натощак	test
fatigue	сильная усталость	symptom
fatigue	усталость	symptom
fatigue	утомляемость	symptom
fatigue	чувство усталости	symptom
feeding cues	признаки голода	symptom
feeding cues	признаки готовности к сосанию	other_medical
feeding tube	катетер для энтерального питания	procedure
feeding tubes	кормление через зонд	procedure
feel very tired	испытывать сильную усталость	symptom
feeling dizzy	головокружение	symptom
feeling faint	слабость	symptom
feeling hopeless	безысходность	symptom
feeling sad	чувство грусти	symptom
feeling tired	чувство усталости	symptom
feeling very tired or weak	сильная усталость или слабость	symptom
feeling worthless	чувство своей ничтожности	symptom
female pelvic exam	гинекологический осмотр	procedure
femur	бедренная кость	anatomy
fetal heart rate	частота сердечных сокращений плода	test
fetal membranes rupture	повреждение плодных оболочек	symptom
fetal movement	подвижность плода	symptom
fetal movement count	подсчет частоты шевеления плода	test
fever	высокая температура	symptom
fever	жар	symptom
fever	лихорадка	symptom
fever	повышение температуры	symptom
fever	повышенная температура	symptom
fever	температура	symptom
fever and chills	высокая температура и озноб	symptom
fever reducing medicine	жаропонижающее лекарство	medication
fever-reducing medicine	жаропонижающие препараты	medication
fevers	высокая температура	symptom
fiber	клетчатка	other_medical
fiber supplements	добавки с клетчаткой	medication
fiberall	файберол	medication
fiberglass cast	стекловолокно	procedure
fibula	малая берцовая кость	anatomy
fine needle aspiration	тонкоигольная аспирационная биопсия	procedure
finger stick	забор крови из пальца	procedure
fingernails	ногти на ручках	anatomy
fingers	пальцы	anatomy
first aid class	оказание первой помощи	procedure
fist	кулак	anatomy
flat head syndrome	синдром плоской головы	diagnosis
flat spots on baby's head	синдром плоской головы	diagnosis
floaters	плавающие объекты	symptom
floating spots	плавающие точки перед глазами	symptom
flu	грипп	diagnosis
flu shot	прививка от гриппа	procedure
flu signs	симптомы гриппа	symptom
flu vaccine	вакцинация от гриппа	procedure
flu vaccine	прививка от гриппа	medication
flu virus	вирус гриппа	other_medical
fluid buildup	скопление жидкости	symptom
fluttering	учащенное сердцебиение	symptom
foamy urine	пенная моча	symptom
folic acid	фолиевая кислота	medication
follow up visit	контрольный осмотр	procedure
fontanelle	родничок	anatomy
food diary	дневник питания	other_medical
foot care	уход за ногами	procedure
foot check	осмотр ног	procedure
foot press	надавливание на ступню	procedure
forearm	предплечье	anatomy
forearm pronation and supination	пронация и супинация предплечья	procedure
foreskin	крайняя плоть	anatomy
formula	молочная смесь	medication
fragile bones	хрупкие кости	symptom
frontal lobe	лобная доля	anatomy
fungi	грибки	other_medical
fungus	грибок	other_medical
gabapentin	габапентин	medication
gas	повышенное газообразование	symptom
gas pains	вздутия	symptom
gasping sounds	тяжелое дыхание	symptom
gastric electrical stimulation	электростимуляция желудка	procedure
gastric emptying scan	сканирование опорожнения желудка	test
gastroparesis	гастропарез	diagnosis
gauze	салфетка	other_medical
gauze dressing	марлевая повязка	other_medical
gel pad	гелевая подушечка	other_medical
generic medicine	дженерик	medication
genetic problems	генетические проблемы	diagnosis
genital area	область гениталий	anatomy
genital warts	генитальные бородавки	diagnosis
genitals	гениталии	anatomy
gestational diabetes	гестационный диабет	diagnosis
gestational hypertension	гестационная гипертензия	diagnosis
ginseng	женьшень	medication
glans	головка пениса	anatomy
glargine	гларгин	medication
glaucoma	глаукома	diagnosis
glucagon	глюкагон	medication
glucagon shot	инъекция глюкагона	procedure
glucophage	глюкофаж	medication
glucose	глюкоза	other_medical
glucose level	уровень глюкозы	test
glucose levels	уровень глюкозы	test
glucose meter	глюкометр	test
glucose meter	измеритель глюкозы	test
glucose screening	часовой глюкозотолерантный тест	test
glucose tablets	таблетки глюкозы	medication
glucose testing	анализ крови на содержание глюкозы	test
glucose testing	анализ на определение уровня сахара в крови	test
glucose tolerance test	глюкозотолерантный тест	test
glucose tolerance test	тест на толерантность к глюкозе	test
gluteal sets	упражнения на ягодицы	procedure
good leg	здоровая нога	anatomy
graft	графт	anatomy
graft	имплантат	procedure
grasping reflex	хватательный рефлекс	other_medical
gray stools	стул серого цвета	symptom
green mucus	зеленая мокрота	symptom
groin site	область паха	anatomy
grounding pad	заземляющая накладка	other_medical
group b strep	стрептококк группы b	diagnosis
group b streptococcus	стрептококк группы в	diagnosis
growth spurts	периоды резкого увеличения роста	symptom
gum problems	проблемы с деснами	symptom
gums	десны	anatomy
haemophilus influenzae type b	гемофильная инфекция типа b	diagnosis
hair dryness	сухость волос	symptom
hair loss	выпадение волос	symptom
hair loss	потеря волос	symptom
hamstring stretch	растягивание задней поверхности бедра	procedure
hand expression	сцеживание руками	procedure
hand sanitizer	дезинфицирующее средство для рук	medication
hand sanitizer	дезинфицирующее средство на основе спирта	other_medical
hand washing	мытье рук	procedure
handrail	перила	other_medical
hard stools	твердый стул	symptom
hardening of blood vessels	уменьшение эластичности кровеносных сосудов	diagnosis
harmful substance	вредные вещества	other_medical
hazy vision	затуманивание зрения	symptom
hba1c	hba1c	test
hdl	лпвп	test
head and neck cancer	опухоли головы и гортани	diagnosis
head and neck cancer	опухоли головы и шеи	diagnosis
head coil	катушка для головы	other_medical
head congestion	ощущение давления в области головы	symptom
head disease	болезни головы	diagnosis
head injury	травма головы	symptom
head lice	головные вши	diagnosis
headache	головная боль	symptom
headache and confusion	головная боль и чувство замешательства	symptom
headaches	головные боли	symptom
health care power of attorney	доверенность на принятие медицинских решений	other_medical
health care provider	врач	other_medical
health care proxy	доверенность на право представлять интересы больного	other_medical
healthy diet	здоровое питание	other_medical
healthy weight	здоровый вес	other_medical
hearing loss	потеря слуха	diagnosis
hearing loss	ухудшение слуха	symptom
hearing problems	проблемы со слухом	symptom
hearing test	проверка слуха	test
heart	сердце	anatomy
heart angioplasty	коронарная ангиопластика	procedure
heart attack	инфаркт	diagnosis
heart attack	инфаркт миокарда	diagnosis
heart attack	сердечный приступ	diagnosis
heart beat	удар сердца	other_medical
heart beating fast	учащенное сердцебиение	symptom
heart cath	коронарография	procedure
heart damage	повреждение сердца	diagnosis
heart disease	болезни сердца	diagnosis
heart disease	заболевания сердца	diagnosis
heart disease	сердечно-сосудистое заболевание	diagnosis
heart disease	сердечно-сосудистые болезни	diagnosis
heart disease	сердечно-сосудистые заболевания	diagnosis
heart disease	сердечное заболевание	diagnosis
heart disease	сердечные заболевания	diagnosis
heart failure	сердечная недостаточность	diagnosis
heart medicines	сердечные лекарства	medication
heart monitor	сердечный монитор	test
heart muscle	сердечная мышца	anatomy
heart pacemaker	кардиостимулятор	other_medical
heart palpitations	учащенное сердцебиение	symptom
heart problem	проблемы с сердцем	diagnosis
heart problems	проблемы с сердцем	symptom
heart pumps	сердце прокачивает кровь	other_medical
heart rate	пульс	test
heart rate	сердечный ритм	test
heart rate	сердцебиение	other_medical
heart rate	сердцебиение ребенка	test
heart rate changes	изменение сердечного ритма	symptom
heart valve	сердечный клапан	anatomy
heart valve problems	пороки клапанов сердца	diagnosis
heart walls motion	движение стенок сердца	other_medical
heart's activity	работа сердца	anatomy
heartburn	жжение в области сердца	symptom
heartburn	изжога	symptom
heat cramps	тепловые судороги	symptom
heat exhaustion	тепловое истощение	diagnosis
heat stroke	тепловой удар	diagnosis
heavy bleeding	сильное кровотечение	symptom
heavy exercise	интенсивные физические нагрузки	procedure
heavy menstrual periods	обильные менструации	symptom
heel	пятка	anatomy
heel raises	поднятие пятки	procedure
hematoma	гематома	diagnosis
hematuria	кровь в моче	symptom
hemodialysis	гемодиализ	procedure
hemoglobin a1c	гемоглобин a1c	test
hemoglobin a1c	гликированный гемоглобин	test
hemophilia	гемофилия	diagnosis
hemoptysis	отхаркивание крови	symptom
hemoptysis	харканье с кровью	symptom
hemorrhoids	геморрой	diagnosis
heparin	гепарин	medication
hepatitis	гепатит	diagnosis
hepatitis a	гепатит а	diagnosis
hepatitis b	гепатит в	diagnosis
herpes	герпес	diagnosis
hib	hib	medication
hiccups	икота	symptom
high blood calcium	высокий уровень кальция в крови	diagnosis
high blood cholesterol	высокий уровень холестерина	diagnosis
high blood cholesterol	повышенное содержание холестерина	diagnosis
high blood pressure	высокое давление	diagnosis
high blood pressure	высокое кровяное давление	diagnosis
high blood pressure	повышение артериального давления	diagnosis
high blood pressure	повышенное артериальное давление	symptom
high blood pressure	повышенное давление	diagnosis
high blood pressure	повышенное кровяное давление	diagnosis
high blood sugar	высокий уровень сахара в крови	symptom
high blood sugar	повышенное содержание сахара в крови	symptom
high blood sugar	повышенный уровень сахара в крови	symptom
high cholesterol	высокий уровень холестерина	diagnosis
high cholesterol	высокий холестерин	diagnosis
high cholesterol	повышенный уровень холестерина	diagnosis
high density lipoproteins	липопротеиды высокой плотности	test
high fiber diet	диета с высоким содержанием клетчатки	other_medical
high fiber food	продукты с высоким содержанием клетчатки	other_medical
hip	бедро	anatomy
hip abduction	отведение бедер	procedure
hip abduction	отведение бедра	procedure
hip and knee bending	сгибание ноги в бедре и колене	procedure
hip extension	растяжение мышц бедра	procedure
hip flexion	сгибание бедер	procedure
hip joint	тазобедренный сустав	anatomy
hip outward and inward	движения бедер внутрь и наружу	procedure
hip rolls	накатывания таза	procedure
hip rotation	поворот бедра	procedure
hipbone	тазовая кость	anatomy
hippocampus	гипокамп	anatomy
hiv	вич	diagnosis
hiv testing	тест на вич	test
hives	крапивница	symptom
hoarse voice	хриплый голос	symptom
hodgkin's lymphoma	лимфома ходжкина	diagnosis
hold your breath	задержать дыхание	procedure
holter monitor	холтеровский монитор	test
holter monitoring	мониторинг холтера	test
home care	уход на дому	procedure
home remedies	народные средства	medication
hopelessness	безнадежность	symptom
hopelessness	чувство безнадежности	symptom
hormone levels	уровень гормонов	test
hormone replacement therapy	заместительная гормональная терапия	procedure
hormone therapy	гормональная терапия	procedure
hospital gown	больничная одежда	other_medical
hospital gown	больничный халат	other_medical
hot flashes	приливы	symptom
hot treatment	тепловое лечение	procedure
hpv	впч	diagnosis
hpv vaccine	вакцина против впч	medication
hrt	згт	procedure
hsv	герпес	diagnosis
humalog	humalog	medication
human immunodeficiency virus	вирус иммунодефицита человека	diagnosis
human papillomavirus	вирус папилломы человека	diagnosis
humidifier	увлажнитель	other_medical
hypercalcemia	гиперкальциемия	diagnosis
hyperglycemia	гипергликемия	diagnosis
hypertension	гипертензия	diagnosis
hypertension	гипертония	diagnosis
hypoglycemia	гипогликемия	diagnosis
hypoglycemia unawareness	неосведомленность о гипогликемии	symptom
hypothermia	гипотермия	diagnosis
hypothyroidism	гипотиреоз	diagnosis
ibuprofen	ибупрофен	medication
icd	икд	procedure
ice application	прикладывание льда	procedure
ice pack	пакет со льдом	other_medical
ice therapy	прикладывание льда	procedure
icu	отделение интенсивной терапии	other_medical
immune system	иммунная система	anatomy
immunizations	иммунизация	medication
immunosuppression	иммунодепрессия	diagnosis
immunotherapy	иммунотерапия	procedure
implant therapy	имплантированная терапия	procedure
implanted pump	имплантированная помпа	other_medical
impotence	импотенция	symptom
inability to move an arm or leg	невозможность пошевелить конечностями	symptom
inactive ingredients	неактивные ингредиенты	other_medical
incentive spirometer	стимулирующий спирометр	procedure
incision	надрез	procedure
incision	разрез	procedure
incision	шов	anatomy
incision drainage	выделения из шва	symptom
incision pain	боль в области разреза	symptom
incision swelling	отек в области шва	symptom
incision swelling	отек швов	symptom
incontinence	недержание	diagnosis
increased hunger	повышенное чувство голода	symptom
increased urine output	повышенное выделение мочи	symptom
index finger	указательный палец	anatomy
indigestion	нарушение пищеварения	symptom
indigestion	проблемы с пищеварением	symptom
individualized education program	индивидуальная программа обучения	other_medical
infant cpr	искусственное дыхание и непрямой массаж сердца	procedure
infant formula	детская смесь	medication
infant/child cpr course	курс сердечно-легочной реанимации детей	procedure
infected wounds	инфицированные раны	diagnosis
infection	заражение	diagnosis
infection	инфекция	diagnosis
infection signs	признаки инфекции	symptom
infections	инфекции	diagnosis
infections	инфекционные заболевания	diagnosis
infections	инфицирование	diagnosis
inflamed throat	воспаление горла	symptom
influenza	грипп	diagnosis
inhalation anthrax	легочная форма болезни	diagnosis
inhaler	ингалятор	other_medical
inhalers	ингаляторы	medication
injection	инъекция	procedure
injection site	место инъекции	anatomy
injection site	место укола	other_medical
injections	инъекции	procedure
injured arm	травмированная рука	anatomy
injured foot	травмированная нога	symptom
injured leg	травмированная ног	anatomy
injured leg	травмированная нога	anatomy
insomnia	бессонница	diagnosis
insulin	инсулин	medication
insulin dose	доза инсулина	other_medical
insulin injection	инъекция инсулина	procedure
insulin injection	укол инсулина	procedure
insulin pen	инсулиновый шприц	medication
insulin reaction	инсулиновая реакция	diagnosis
insulin shock	инсулиновый шок	diagnosis
insulin shots	уколы инсулина	medication
insulin syringe	шприц для введения инсулина	procedure
insulin units	единицы инсулина	other_medical
intensive care unit	отделение интенсивной терапии	other_medical
internal radiation therapy	внутренняя лучевая терапия	procedure
intracerebral hematoma	внутримозговая гематома	diagnosis
intracerebral hemorrhage	внутримозговое кровоизлияние	diagnosis
intraocular pressure	внутриглазное давление	symptom
intravenous	внутривенно	other_medical
intravenous	внутривенное введение	procedure
intravenous	внутривенный катетер	procedure
intravenous	внутривенных вливаний	procedure
intravenous	капельница	procedure
intravenous	катетер	other_medical
intravenous line	внутривенная капельница	procedure
intraventricular hemorrhage	внутрижелудочковое кровоизлияние	diagnosis
iodine solution	раствор йода	medication
iron level	уровень железа	test
iron rich baby formula	молочная смесь, обогащенная железом	medication
iron tablets	железосодержащие таблетки	medication
irregular heart beat	неравномерное сердцебиение	symptom
irregular heart beat	неровное сердцебиение	symptom
irregular heart beats	нерегулярное сердцебиение	symptom
irregular heartbeat	нерегулярный импульс	symptom
irregular heartbeats	нерегулярное сердцебиение	symptom
irritability	раздражительность	symptom
irritable	раздражительность	symptom
irritable bowel syndrome	синдром раздраженного кишечника	diagnosis
irritated throat	раздражение горла	symptom
itching	зуд	symptom
itchy nose	зуд в носу	symptom
itchy skin	зуд на коже	symptom
itchy throat	першение в горле	symptom
iud	внутриматочная спираль	other_medical
iv	внутривенно	procedure
iv	внутривенное введение	procedure
iv	внутривенный катетер	procedure
iv	капельница	procedure
iv	катетер	procedure
iv catheter	внутривенный катетер	procedure
iv contrast	внутривенное контрастное вещество	medication
iv line	капельница	other_medical
iv pump	насос для внутривенных вливаний	other_medical
jaundice	желтуха	diagnosis
jaundice	пожелтение	symptom
jaw strengthening	укрепление челюстей	procedure
joint	сустав	anatomy
joint enlargement	увеличение сустава	symptom
joint extension	переразгибание суставов	procedure
joint inflammation	воспаление суставов	symptom
joint injury	травмы суставов	symptom
joint instability	нестабильность сустава	symptom
joint pain	боль в суставах	symptom
joint pain	боль в суставе	symptom
joint replacement	замена сустава	procedure
joint space	суставная щель	anatomy
joint stiffness	скованность сустава	symptom
joint swelling	опухание сустава	symptom
joints	суставы	anatomy
kegel exercises	упражнения кегеля	procedure
kidney damage	поражение почек	diagnosis
kidney disease	заболевание почек	diagnosis
kidney disease	заболевания почек	diagnosis
kidney failure	отказ почек	diagnosis
kidney failure	почечная недостаточность	diagnosis
kidney stones	камни в почках	diagnosis
kidney transplant	пересадка почек	procedure
kidneys	почки	anatomy
knee	колено	anatomy
knee extension	выпрямление колена	procedure
knee flexion	сгибание коленей	procedure
knee joint	коленный сустав	anatomy
knee push	прижимание колена	procedure
knee to chest	прижимание колена к груди	procedure
knuckles	суставы пальцев	anatomy
lab tests	лабораторные анализы	test
labia	половые губы	anatomy
labor and delivery	роды	procedure
lack energy	нехватка сил	symptom
lack of appetite	отсутствие аппетита	symptom
lack of breathing	прекращение дыхания	symptom
lack of energy	упадок сил	symptom
lack of hunger	отсутствие аппетита	symptom
lack of oxygen	кислородное голодание	symptom
lack of oxygen during birth	недостаток кислорода во время родов	diagnosis
lack of sex drive	отсутствие сексуального влечения	symptom
lactation specialist	специалист по вопросам кормления грудью	other_medical
lactation specialist	специалист по грудному вскармливанию	other_medical
lancet	ланцет	test
lancing device	ланцетное устройство	test
lanolin	ланолин	medication
lantus	lantus	medication
laparoscopic	лапароскопическая операция	procedure
laparoscopic appendectomy	лапароскопическая аппендэктомия	procedure
large baby	увеличение плода	symptom
large bowel	толстая кишка	anatomy
large intestine	толстая кишка	anatomy
large intestine	толстый кишечник	anatomy
large intestines	толстый кишечник	anatomy
laser treatment	лазерная коррекция	procedure
laser treatment	лазерное лечение	procedure
latch	прикладывание к груди	procedure
latch on	прикладывание к груди	procedure
latch on	присасываться	other_medical
latent infection	латентная форма	diagnosis
latex allergy	аллергия на латекс	diagnosis
laxative	слабительное	medication
laxatives	слабительные	medication
ldl	лпнп	test
lead poisoning	отравление свинцом	diagnosis
leads	электроды	procedure
learning problems	проблемы с обучением	symptom
leep	leep	procedure
leep	петлевая эксцизия шейки матки	procedure
left atrium	левое предсердие	anatomy
leg	нога	anatomy
leg cramps	спазмы в ногах	symptom
leg discomfort	дискомфорт ног	symptom
leg extensions	вытягивание ног	procedure
leg movements	движение ног	test
lens	хрусталик	anatomy
leukemia	лейкемия	diagnosis
levemir	levemir	medication
lice cream	крем от вшей	medication
lice eggs	яйца вшей	other_medical
lice lotion	лосьон от вшей	medication
ligament	связка	anatomy
ligaments	связки	anatomy
light box	лайтбокс	procedure
light headed	слабость	symptom
light sensitivity	чувствительность к свету	symptom
light-headed	головокружение	symptom
lightheaded	головокружение	symptom
lightheaded	головокружение при вставании	symptom
lightheaded	легкость в голове	symptom
lightheaded	помутнение сознания	symptom
lightheadedness	головокружение	symptom
limb loss	потеря конечности	symptom
limited joint use	ограниченная подвижность сустава	symptom
lip balm	бальзам для губ	medication
lip balm	увлажняющий бальзам для губ	medication
lip closure	смыкание губ	procedure
lip hold exercise	удержание предмета губами	procedure
lips	губы	anatomy
liquid concentrate formula	жидкая концентрированная смесь	medication
liquid medicine	жидкое лекарство	medication
lispro insulin	инсулин лиспро	medication
little finger	мизинец	anatomy
liver	печень	anatomy
liver failure	отказ печени	diagnosis
liver imaging	обследование печени	procedure
living will	завещание на случай недееспособности	other_medical
local anesthetic	местная анестезия	medication
lochia	лохии	symptom
long term problems	долгосрочные проблемы со здоровьем	diagnosis
loop electrosurgical excision procedure	петлевая электрохирургическая эксцизия	procedure
lose balance	потерять равновесие	symptom
loss of appetite	отсутствие аппетита	symptom
loss of appetite	потеря аппетита	symptom
loss of awareness	потеря психической ориентированности	symptom
loss of balance	нарушение равновесия	symptom
loss of central vision	потеря центрального зрения	symptom
loss of communication ability	потеря способности общаться	symptom
loss of consciousness	потеря сознания	symptom
loss of energy	упадок сил	symptom
loss of feeling	потеря чувствительности	symptom
loss of height	потеря веса	symptom
loss of interest	потеря интереса	symptom
loss of interest in sex	потеря интереса к сексу	symptom
loss of memory	потеря памяти	symptom
loss of peripheral vision	потеря бокового зрения	symptom
loss of sense of smell	потеря обоняния	symptom
loud snoring	громкий храп	symptom
low back exercises	упражнения для нижней спины	procedure
low back pain	боль в пояснице	diagnosis
low back stretch	растягивание нижнего отдела спины	procedure
low blood cell count	низкое число кровяных клеток	symptom
low blood sugar	низкий уровень сахара в крови	symptom
low blood sugar	низкое содержание сахара в крови	diagnosis
low density lipoproteins	липопротеиды низкой плотности	test
low estrogen levels	низкий уровень эстрогена	symptom
low fat foods	нежирные продукты	other_medical
low sodium	низкий уровень натрия	symptom
lower arm	предплечье	anatomy
lower back	поясница	anatomy
lower back pain	боль в пояснице	symptom
lower back pressure	давление в нижней части спины	symptom
lp shunt	пояснично-перитонеальный шунт	other_medical
lumbar curve	поясничный изгиб	anatomy
lumbar extension	растягивание мышц поясницы	procedure
lumbar puncture	люмбальная пункция	procedure
lumbar spine	поясничный отдел позвоночника	anatomy
lumbar spine stretches	растягивание поясничного отдела позвоночника	procedure
lump	новообразование	symptom
lump	припухлость	symptom
lumpectomy	лампэктомия	procedure
lung	легкое	anatomy
lung cancer	рак легких	diagnosis
lung disease	легочное заболевание	diagnosis
lung diseases	заболевания легких	diagnosis
lung function tests	тесты функции легких	test
lung infection	легочная инфекция	diagnosis
lung medicine	лекарства для легких	medication
lungs	легкие	anatomy
lupus	волчанка	diagnosis
lymph nodes	лимфатические узлы	anatomy
lymph nodes	лимфоузлы	anatomy
lymphoma	лимфома	diagnosis
magnesium citrate	цитрат магния	medication
magnetic resonance image	мрт	test
magnetic resonance imaging	магнитно-резонансная томография	test
malignant tumors	злокачественные опухоли	diagnosis
mammogram	маммограмма	test
mammogram	маммография	test
manual breast pump	ручной молокоотсос	other_medical
masako maneuver	маневр масако	procedure
mastectomy	мастэктомия	procedure
meal planning	планирование приемом пищи	procedure
measles	корь	diagnosis
medical decisions	медицинские решения	other_medical
medical problems	заболевания	diagnosis
medical treatment	медицинское лечение	procedure
medicated lice shampoo	шампунь от вшей	medication
medicine	лекарства	medication
medicine bottle	флакон с лекарством	other_medical
medicine dose	дозировка лекарства	other_medical
medicine dose	дозировка медикамента	medication
medicine safety	безопасность при приеме лекарств	other_medical
medicine spoon	мерная ложка	other_medical
medicine stress test	нагрузочный тест с помощью лекарства	test
medicines	лекарства	medication
melanoma	меланома	diagnosis
memory loss	потеря памяти	symptom
memory loss	проблемы с памятью	symptom
meningococcal	менингокок	diagnosis
menopause	менопауза	diagnosis
menstrual cycles	менструальный цикл	anatomy
menstrual period	менструация	other_medical
mental health professional	специалист по психическому здоровью	other_medical
mental retardation	умственная отсталость	diagnosis
metal fragments	металлические осколки	other_medical
metallic taste	металлический привкус	symptom
metamucil	метамуцил	medication
metastasis	метастазирование	diagnosis
metastasis	метастазы	diagnosis
metformin	метформин	medication
methicillin resistant staphylococcus aureus	метициллинрезистентный золотистый стафилококк	diagnosis
microalbuminuria test	анализ на микроальбумины	test
middle ear	среднее ухо	anatomy
middle ear infection	воспаление среднего уха	diagnosis
migraine	мигрень	diagnosis
migraine headache	мигрень	diagnosis
mild cramping	легкие судороги	symptom
milk flow	выделение молока	other_medical
milliliter	миллилитр	other_medical
mini stroke	микроинсульт	diagnosis
mini-squats	мини-приседания	procedure
miralax	miralax	medication
miralax	миралакс	medication
miscarriage	выкидыш	diagnosis
mist	туман	other_medical
mixed incontinence	смешанное недержание	diagnosis
mmr	mmr	medication
modified barium swallow	рентгенологическое исследование пищевода с барием	test
modified biophysical profile	модифицированный биофизический профиль	test
mole	родинка	anatomy
monosaturated fats	мононенасыщенные жиры	other_medical
mood changes	изменения настроения	symptom
mood swings	перепады настроения	symptom
mood swings	смена настроения	symptom
morning sickness	токсикоз	symptom
morphine	морфин	medication
mouth infection	инфекция ротовой полости	diagnosis
mouth sores	боль во рту	symptom
mouth sores	язвы в ротовой полости	symptom
mouth sores	язвы во рту	symptom
mouth ulcers	язвы во рту	symptom
mouthpiece	мундштук	other_medical
mouthwash	ополаскиватель для полости рта	medication
mri	магнитно-резонансная томография	test
mri	мрт	test
mrsa	мрзс	diagnosis
mucus	мокрота	symptom
mucus	слизь	symptom
mucus plug	слизистая пробка	symptom
mucus with bowel movements	слизь в каловых массах	symptom
muga	радионуклидная ангиография	test
multi-infarct dementia	мультиинфарктная деменция	diagnosis
multivitamin supplement	поливитамины и минеральные добавки	medication
mumbled speech	невнятная речь	symptom
mumps	паротит	diagnosis
muscle aches	боль в мышцах	symptom
muscle aches	мышечные боли	symptom
muscle cramps	спазм мышц	symptom
muscle loss	потеря мышечной массы	symptom
muscle pain	боль в мышцах	symptom
muscle spasms	спазмы мышц	symptom
muscle tension	напряжение мышц	symptom
muscle twitch	подергивание мышцы	symptom
muscle weakness	мышечная слабость	symptom
muscle weakness	слабость мышц	symptom
muscles	мышцы	anatomy
myocardial infarction	инфаркт миокарда	diagnosis
nails	ногти	anatomy
naloxone	налоксон	medication
naproxen	напроксен	medication
narcolepsy	нарколепсия	diagnosis
narrow stools	тонкий стул	symptom
narrowed blood vessels	суженные кровеносные сосуды	diagnosis
narrowed blood vessels	сузившиеся кровеносные сосуды	symptom
nasal discharge	выделения из носа	symptom
nasal drainage	выделения из носа	symptom
nasal spray	назальный спрей	medication
nausea	тошнота	symptom
nausea and vomiting	тошнота и рвота	symptom
nausea or vomiting	тошнота или рвота	symptom
navel	пупок	anatomy
nebulizer	небулайзер	other_medical
nebulizer treatment	небулайзерная терапия	procedure
neck	шея	anatomy
neck pain	боль в шее	symptom
neck stiffness	скованность в шее	symptom
needle	игла	other_medical
needle disposal	контейнер для использованных игл	other_medical
needle disposal box	контейнер для использованных игл	other_medical
needles and syringes	иглы и шприцы	other_medical
neosporin	неоспорин	medication
nephropathy	нефропатия	diagnosis
nerve conduction study	исследование нервной проводимости	test
nerve conduction test	исследование нервной проводимости	test
nerve conduction test	тест нервной проводимости	test
nerve damage	поражение нервных окончаний	diagnosis
nerve injury	повреждение нервов	diagnosis
nerves	нервы	anatomy
neurofibrillary tangles	нейрофибриллярные клубки	other_medical
neutropenia	нейтропенией	diagnosis
neutropenia	нейтропения	diagnosis
nicotine	никотин	other_medical
nicotine patch	никотиновый пластырь	medication
night sweats	ночная потливость	symptom
night sweats	потоотделение во время сна	symptom
night sweats	потоотделение ночью	symptom
night terrors	ночные страхи	diagnosis
nipple	сосок	anatomy
nipple soreness	боли в сосках	symptom
nipples	соски	anatomy
nit comb	гребень для вычесывания гнид	procedure
nitroglycerin	нитроглицерин	medication
nitroglycerin patch	нитроглицериновый пластырь	medication
nitroglycerin spray	спрей нитроглицерина	medication
nitroglycerin tablet	таблетка нитроглицерина	medication
nits	гниды	other_medical
non-hodgkin's lymphoma	неходжкинская лимфома	diagnosis
non-small cell lung cancer	немелкоклеточный рак легкого	diagnosis
non-stress test	нестрессовый тест	test
non-weight bearing	без нагрузки на ногу	procedure
normal curves in back	правильная осанка	other_medical
not breathing	не дышит	symptom
novolog	novolog	medication
nozzle	наконечник	anatomy
nph insulin	инсулин nph	medication
nsaids	нестероидные противовоспалительные препараты	medication
numb	неметь	symptom
numbing medicine	лекарство, вызывающее онемение	medication
numbing medicine	обезболивающее	medication
numbing medicine	обезболивающее лекарство	medication
numbing medicine	обезболивающее средство	medication
numbing medicine	спрей, вызывающий онемение	medication
numbness	онемение	symptom
numbness in feet or hands	онемение стоп или рук	symptom
numbness or tingling	онемение или покалывание	symptom
obstetrician	гинеколог	other_medical
obstructive sleep apnea	синдром обструктивного апноэ	diagnosis
occipital lobe	затылочная доля	anatomy
occupational therapy	трудовая терапия	procedure
ointment	мазь	medication
open appendectomy	открытая аппендэктомия	procedure
open heart surgery	операция на открытом сердце	procedure
open procedure	открытая операция	procedure
opioid	опиоид	medication
optic nerve	зрительный нерв	anatomy
oral mucosa	слизистая оболочка рта	anatomy
oral temperature	температура при измерении во рту	test
orthostatic hypotension	ортостатическая гипотензия	diagnosis
osteoarthritis	остеоартрит	diagnosis
osteoporosis	остеопороз	diagnosis
otitis media	средний отит	diagnosis
outbursts of emotion	резкая смена эмоционального состояния	symptom
ovarian cancer	рак яичников	diagnosis
ovaries	яичники	anatomy
ovary	яичник	anatomy
over the counter pain medicine	безрецептурные обезболивающие лекарства	medication
over-the-counter medicines	лекарственные препараты, опускаемые без рецепта	medication
overactive bladder	гиперактивный мочевой пузырь	diagnosis
overactive gland	повышенная активность железы	diagnosis
overdose	передозировка	diagnosis
overflow incontinence	недержание вследствие переполнения	diagnosis
overweight	лишний вес	symptom
oxygen	кислород	medication
oxygen concentrator	концентратор кислорода	other_medical
oxygen in blood	кислород в крови	test
oxygen level	уровень кислорода	test
oxygen levels	уровень кислорода	test
oxygen therapy	кислород	medication
oxygen therapy	лечение кислородом	procedure
pacemaker	электрокардиостимулятор	other_medical
pacifier	пустышка	other_medical
pain	боль	symptom
pain and stiffness	боль и скованность	symptom
pain and swelling	боль и припухлость	symptom
pain control	обезболивание	procedure
pain management	контроль боли	procedure
pain medicine	обезболивающее	medication
pain medicine	обезболивающее лекарство	medication
pain medicine	обезболивающее средство	medication
pain medicine	обезболивающие лекарства	medication
pain medicine	обезболивающий препарат	medication
pain medicines	обезболивающие	medication
pain relief	унять боль	procedure
pain when passing urine	боль при мочеиспускании	symptom
painful intercourse	болезненный половой акт	symptom
painful intercourse	боль во время секса	symptom
pale skin	бледная кожа	symptom
pale skin	бледность кожи	symptom
pale skin	бледные кожные покровы	symptom
paleness	бледность	symptom
palm	ладонь	anatomy
pancreas	поджелудочная железа	anatomy
pancreas imaging	обследование поджелудочной железы	procedure
pandemic	пандемия	other_medical
pandemic flu	пандемический грипп	diagnosis
pandemic flu	пандемия гриппа	diagnosis
pap smear	мазок папаниколау	test
parasite	паразит	other_medical
parasites	паразиты	other_medical
parietal lobe	теменная доля	anatomy
parkinson's disease	болезнь паркинсона	diagnosis
paroxetine	пароксетин	medication
partial weight bearing	частичная нагрузка	procedure
pasteurized milk	пастеризованное молоко	other_medical
patella	коленная чашечка	anatomy
peak flow	пневмотахометрия	test
peak flow meter	пикфлоуметр	test
peak flow meter	пневмотахометр	test
pediatric doctor	педиатр	other_medical
pediatric nurse practitioner	медсестра-помощник педиатра	other_medical
pediatrician	педиатр	other_medical
pediculosis	педикулез	diagnosis
peeling skin	шелушащаяся кожа	symptom
pelvic exam	гинекологический осмотр	procedure
pelvic exam	исследование органов малого таза	procedure
pelvic exam	осмотр у гинеколога	test
pelvic floor exercises	упражнения для мышц тазового дна	procedure
pelvic floor muscles	мышцы тазового дна	anatomy
pelvic inflammatory disease	воспаление тазовых органов	diagnosis
pelvic tilt	наклоны таза	procedure
pelvic ultrasound	узи органов малого таза	test
pelvis	тазовая кость	anatomy
penicillin	пенициллин	medication
penile prosthesis	фаллопротез	other_medical
percussion	выстукивание	procedure
peri care	уход за промежностью	procedure
perineal area	промежность	anatomy
perineum	промежность	anatomy
peripheral artery disease	заболевания периферических артерий	diagnosis
peripheral neuropathy	периферическая невропатия	diagnosis
peripheral vascular disease	заболевания периферических сосудов	diagnosis
peritoneal dialysis	перитонеальный диализ	procedure
permanent brain damage	необратимое повреждение мозга	diagnosis
permethrin	перметрин	medication
persistent cough	кашель, который не проходит	symptom
pertussis	коклюш	diagnosis
pessary	маточное кольцо	procedure
pet dander	аллергены животных	other_medical
pet scan	пэт	test
pharmacist	фармацевт	other_medical
pharynx	глотка	anatomy
physical activity	физическая нагрузка	other_medical
physical exam	обследование	procedure
physical exercise	физическая активность	procedure
physical therapist	физиотерапевт	other_medical
physical therapists	физиотерапевты	other_medical
physical therapy	физиотерапия	procedure
physical therapy	физическая терапия	procedure
physically active	активный образ жизни	other_medical
pin electrode	игольчатый электрод	other_medical
pinna	наружное ухо	anatomy
piperonyl butoxide	пиперонил бутоксид	medication
placenta	плацента	anatomy
plaque	бляшка	other_medical
plaque	бляшки	anatomy
platelets	тромбоциты	anatomy
plugged duct	закупорка молочных протоков	diagnosis
plunger	поршень	other_medical
pneumococcal conjugate	пневмококковая конъюгированная вакцина	medication
pneumococcal polysaccharide	пневмококковая полисахаридная вакцина	medication
pneumococcal vaccine	вакцинация от пневмококковой инфекции	procedure
pneumonia	пневмония	diagnosis
pneumonia vaccine	вакцинация от пневмонии	medication
pneumonia vaccine	прививка от пневмонии	procedure
pocket mask	дыхательная маска	other_medical
poison control	токсикологическая служба	other_medical
polio	полиомиелит	diagnosis
pollen	пыльца	other_medical
polyethylene glycol	полиэтиленгликоль	medication
polyps	полипы	diagnosis
polysomnography	полисомнография	test
polyuria	частые позывы к мочеиспусканию	symptom
poor appetite	плохой аппетит	symptom
poor appetite	потеря аппетита	symptom
poor blood flow	плохое кровообращение	symptom
poor circulation	проблемы с кровообращением	symptom
poor coordination	расстройства координации	symptom
poor decision making	способностью принимать решения	symptom
poor judgment	неадекватность суждений	symptom
poor memory	проблемы с памятью	symptom
poor muscle control	слабый контроль над мышцами	symptom
poor posture	неправильная осанка	symptom
porous surface	пористая поверхность	other_medical
portion size	размер порции	other_medical
positron emission tomography scan	пэт-сканирование	test
postpartum depression	послеродовая депрессия	diagnosis
postural drainage	постуральный дренаж	procedure
potassium	калий	other_medical
powdered formula	сухая смесь	medication
pre-eclampsia	преэклампсия	diagnosis
prediabetes	преддиабет	diagnosis
preeclampsia	преэклампсия	diagnosis
pregnancy	беременность	diagnosis
pregnancy test	тест на беременность	test
pregnant	беременна	symptom
pregnant	беременны	symptom
premature	недоношенный	diagnosis
prenatal care	ведение беременности	procedure
prenatal care	дородовое обследование	procedure
prenatal check ups	дородовое обследование	procedure
prenatal visit	посещение женской консультации	procedure
prenatal vitamin	витамины для беременных	medication
prenatal vitamins	витамины для беременных	medication
prescription medicine	препарат по рецепту	medication
prescription medicines	лекарственные препараты, отпускаемые по рецепту	medication
press ups	отжимания	procedure
press-ups	отжимания	procedure
pressure bandage	давящая повязка	procedure
pressure bandage	повязка	procedure
pressure in lower belly	давление внизу живота	symptom
preterm labor	преждевременные роды	diagnosis
problems with breathing	затрудненное дыхание	symptom
problems with movement	затруднения при ходьбе	symptom
problems with speech	затруднения речи	symptom
progestin	прогестин	medication
protective clothing	защитная одежда	other_medical
protein	белок	other_medical
protein supplement	белковые добавки	medication
ptca	чрескожная транслюминальная коронарная ангиопластика	procedure
pulmonary function tests	функциональные тесты легких	test
pulse	пульс	test
puncture wound	колотая рана	diagnosis
pus	гной	symptom
pus drainage	гнойные выделения	symptom
quad screen	четверной тест	test
quad sets	упражнение на мышцы бедра	procedure
quarter squat	четверть приседа	procedure
quitting tobacco	отказ от табака	procedure
rabies	бешенство	diagnosis
radiation	облучение	procedure
radiation exposure	облучение	other_medical
radiation therapy	лучевая терапия	procedure
radiation therapy	радиотерапия	procedure
radioactive iodine	радиоактивный йод	medication
radioactive medicine	радиоактивное вещество	medication
radon gas	радон	other_medical
range of motion	амплитуда движения	procedure
range of motion	диапазон движения	procedure
range of motion exercises	упражнения на амплитуду движения	procedure
rapid and strong pulse	ускоренный и сильный пульс	symptom
rash	сыпь	symptom
ready to feed formula	готовая смесь	medication
rear-facing seat	кресло, обращенное против движения	other_medical
recovery room	послеоперационная палата	other_medical
rectal bleeding	кровотечение из прямой кишки	symptom
rectal exam	обследование прямой кишки	procedure
rectal pressure	ощущение ректального давления	symptom
rectal temperature	ректальная температура	test
rectal temperature	температура в заднем проходе	test
rectum	прямая кишка	anatomy
rectum pressure	давление в прямой кишке	symptom
red blood cells	красные кровяные клетки	anatomy
red blood cells	красные кровяные тельца	anatomy
red blood cells	эритроциты	anatomy
red marks	красные пятна	symptom
red patches	участки покраснения кожи	symptom
red skin	покраснение кожи	symptom
redness	краснота	symptom
redness	покраснение	symptom
redness and swelling	покраснение или отек	symptom
redness around joint	покраснение кожи около сустава	symptom
redness at incision	покраснение в области шва	symptom
registered nurse	дипломированный специалист	other_medical
rehabilitation therapy	реабилитационная терапия	procedure
renal failure	почечная недостаточность	diagnosis
rescue breathing	искусственное дыхание	procedure
respiratory distress	трудно дышать	symptom
respiratory infection	респираторная инфекция	diagnosis
restful sleep	спокойный сон	symptom
restless leg syndrome	синдром беспокойных ног	diagnosis
restlessness	беспокойство	symptom
retina	сетчатка	anatomy
retinal blood vessels	кровеносные сосуды сетчатки	anatomy
retinal blood vessels	сосуды сетчатки	anatomy
retinal test	исследование сетчатки	test
retinopathy	ретинопатия	diagnosis
reye's syndrome	синдром рея	diagnosis
rh factor	резус-фактор	test
rheumatoid arthritis	ревматоидный артрит	diagnosis
ribs	ребра	anatomy
right atrium	правое предсердие	anatomy
ringing in the ear	звон в ухе	symptom
rooting reflex	корневой рефлекс	other_medical
rotator cuff	мышцы-вращатели плеча	anatomy
rotator cuff injury	травма мышц-вращателей плеча	diagnosis
rotavirus	ротавирус	diagnosis
rubber stopper	резиновая пробка	other_medical
rubella	краснуха	diagnosis
rubella antibodies	антитела к краснухе	test
runny nose	насморк	symptom
rupture of membranes	разрыв околоплодных оболочек	symptom
saccharin	сахарин	medication
sacrum	крестец	anatomy
sadness	грусть	symptom
saliva reduction	уменьшение слюноотделения	symptom
salivary glands	слюнные железы	anatomy
salt substitute	заменитель соли	medication
sarcoma	саркома	diagnosis
saturated fats	насыщенные жиры	other_medical
scalp	кожа головы	anatomy
scalp sores	язвы на коже головы	symptom
scans	сканирование	test
scleroderma	склеродермия	diagnosis
seasonal flu	сезонный грипп	diagnosis
seasonal flu vaccine	вакцина против сезонного гриппа	medication
second trimester	второй триместр	other_medical
secondhand smoke	пассивное курение	other_medical
sedative	успокоительное	medication
sedative	успокоительное средство	medication
seizure	припадок	symptom
seizure	судороги	symptom
seizure with fever	лихорадка с припадком	symptom
seizures	припадки	diagnosis
seizures	судороги	symptom
self breast exam	самостоятельная проверка груди	procedure
sertraline	сертралин	medication
severe headache	сильная головная боль	symptom
severe headaches	сильная головная боль	symptom
severe problems swallowing	серьезные проблемы при глотании	symptom
severe weakness	сильная слабость	symptom
sexually transmitted infection	инфекция, передаваемая половым путем	diagnosis
sexually transmitted infections	венерические заболевания	diagnosis
shaken baby syndrome	синдром встряхивания младенца	diagnosis
shaken baby syndrome	синдром детского сотрясения	diagnosis
shaky	дрожь	symptom
shaky	трясет	symptom
sharp pain	острая боль	symptom
sharps container	контейнер с острыми предметами	other_medical
shingles	опоясывающий герпес	diagnosis
short arc quads	упражнение «короткая дуга» на мышцы бедра	procedure
shortness of breath	затруднение дыхания	symptom
shortness of breath	затрудненное дыхание	symptom
shortness of breath	одышка	symptom
shoulder	плечо	anatomy
shoulder abduction	отведение плеча	procedure
shoulder blades	лопатки	anatomy
shoulder external rotation	движение плеча во внешнем направлении	procedure
shoulder flexion	сгибание плеча	procedure
shoulder internal rotation	движение плеча во внутреннем направлении	procedure
shoulder pain	боль в плечах	symptom
shoulder range of motion	подвижность плеча	procedure
shoulder sling	плечевой бандаж	procedure
shoulder strengthening	укрепление плеча	procedure
sickle cell anemia	серповидно-клеточная анемия	diagnosis
sickle-cell disease	серповидноклеточная анемия	diagnosis
side clam	разведение коленей лежа на боку	procedure
side effects	побочные эффекты	symptom
side effects	побочные явления	other_medical
side rails	боковые ограждения	other_medical
side-lying position	положение на боку	procedure
sids	сдсм	diagnosis
sids	синдром внезапной детской смерти	diagnosis
sigmoidoscopy	ректороманоскопия	procedure
silent strokes	тихие инсульты	diagnosis
sinus headache	синусовая головная боль	symptom
sinus node	синусный узел	anatomy
sinus passages	синусовые пазухи	anatomy
sinus pressure	заложенность носовых пазух	symptom
sinus problems	проблемы с носовыми пазухами	diagnosis
sitz bath	сидячая ванна	procedure
skin blister	волдыри	symptom
skin blisters	пузырьки на коже	symptom
skin breaks	появление на коже язв	symptom
skin burning	ощущение жжения на коже	symptom
skin burns	жжение кожи	symptom
skin cancer	рак кожи	diagnosis
skin dryness	сухость кожи	symptom
skin exam	осмотр кожи	test
skin infection	инфекция кожи	diagnosis
skin infections	кожные инфекции	diagnosis
skin irritation	раздражение кожи	symptom
skin itching	зуд на коже	symptom
skin lesion	поражение кожи	symptom
skin rash	сыпь	symptom
skin rashes	сыпь	symptom
skin rashes	сыпь на коже	symptom
skin redness	покраснение кожи	symptom
skin test	кожный тест	test
skin tests	кожные пробы	test
skin wound	кожная рана	symptom
skipped heart beats	пропуск сердечного удара	symptom
skipped heart beats	пропущенные удары сердца	symptom
skipped heartbeats	пропуск сердцебиения	symptom
skull fracture	перелом костей черепа	diagnosis
sleep apnea	синдром апноэ	diagnosis
sleep changes	изменения в состоянии сна	symptom
sleep diary	дневник сна	test
sleep disorders	расстройства сна	diagnosis
sleep disturbances	нарушения сна	symptom
sleep patterns	режим сна	other_medical
sleep problems	проблемы со сном	symptom
sleep study	исследование сна	test
sleepiness	сонливость	symptom
sleepwalking	лунатизм	diagnosis
slip resistant socks	нескользящие носки	other_medical
slow healing	медленно заживающие раны	symptom
slow healing of wounds	медленное заживление ран	symptom
small bowel	тонкий кишечник	anatomy
small cell lung cancer	мелкоклеточный рак легкого	diagnosis
small intestine	тонкий кишечник	anatomy
smallpox	оспа	diagnosis
sneezing	чихание	symptom
sneezing	чиханье	symptom
sodium	натрий	other_medical
soft bristle toothbrush	зубная щетка с мягкой щетиной	other_medical
soft spots	мягкие участки	anatomy
soft tissues	мягкие ткани	anatomy
sore gums	болезненность десен	symptom
sore mouth	стоматит	symptom
sore mouth	язвы во рту	symptom
sore nose	боль в носу	symptom
sore throat	ангина	diagnosis
sore throat	боль в горле	symptom
sore throat	фарингит	diagnosis
sore throat lozenges	пастилки от боли в горле	medication
soreness	болезненные ощущения	symptom
sores	язвы	symptom
sores in the mouth	язвы в полости рта	symptom
special needs	ограниченные возможности	other_medical
specimen	образец	test
speculum	влагалищное зеркало	procedure
speculum	зеркало	procedure
speech language pathologist	врач-логопед	other_medical
speech problems	проблемы с речью	symptom
spinal cord	спинной мозг	anatomy
spinal curves	спинные изгибы	anatomy
spinal puncture	спиномозговая пункция	procedure
spinal tap	поясничный прокол	procedure
spine	позвоночник	anatomy
spitting up	срыгивание	symptom
splint	шина	procedure
sponge bath	гигиенический душ со смоченной губкой	procedure
sponge bath	обтирание губкой	procedure
sponge bath	протирание влажной губкой	procedure
sprain	растяжение	diagnosis
sputum	мокрота	anatomy
sputum culture	анализ мокроты	test
sputum culture	бактериологическое исследование мокроты	test
sputum test	анализ мокроты	test
squamous cell carcinoma	плоскоклеточная карцинома	diagnosis
stages of labor	этапы родов	procedure
staph germ	стафилококк	other_medical
staples	скобы	procedure
staring spells	пристальный взгляд	symptom
startle reflex	рефлекс испуга	other_medical
stent	стент	procedure
stepping reflex	шаговый рефлекс	other_medical
stereotactic biopsy	стереотактическая биопсия	procedure
steri strips	полоски steri-strip	other_medical
steri-strips	стерильные полоски	procedure
sterile bandage	стерильная повязка	other_medical
steroid injections	инъекции стероидов	medication
steroids	стероиды	medication
stethoscope	стетоскоп	other_medical
sti	иппп	diagnosis
stiff neck	затвердение затылочных мышц	symptom
stiff neck	твердая шея	symptom
stiffness	скованность	symptom
stimulants	стимуляторы	medication
stirrups	подставки	other_medical
stitch	швы	procedure
stitches	швы	procedure
stomach	желудок	anatomy
stomach pain	боль в желудке	symptom
stomach problems	желудочные проблемы	symptom
stomach spasms	судороги в области живота	symptom
stomach surgery	операция на животе	procedure
stomachaches	боли в животе	symptom
stool	кал	other_medical
stool	стул	symptom
stool sample	анализ стула	test
stool softener	размягчитель стула	medication
stool softener	слабительное	medication
stool softener	смягчитель стула	medication
stool test	анализ кала	test
stooped posture	сутулость	symptom
straight leg raise	подъем прямой ноги	procedure
straining	напряжение при дефекации	symptom
strep throat	стрептококковая инфекция	diagnosis
stress	стресс	symptom
stress echo	стресс-эхокардиография	test
stress echocardiogram	стресс-эхокардиография	test
stress incontinence	стрессовое недержание	diagnosis
stress muga	радионуклидная ангиография с нагрузкой	test
stress test	нагрузочный тест	test
stroke	инсульт	diagnosis
stuffy nose	заложенность носа	symptom
subarachnoid hemorrhage	субарахноидальное кровоизлияние	diagnosis
subcutaneous injection	инъекция под кожу	procedure
subcutaneous injection	подкожная инъекция	procedure
subcutaneous injection	подкожный укол	procedure
subdural hematoma	субдуральная гематома	diagnosis
sucking reflex	сосательный рефлекс	other_medical
sucralose	сукралоза	medication
sudden infant death syndrome	синдром внезапной детской смерти	diagnosis
sudden urge to urinate	внезапный позыв к мочеиспусканию	symptom
suffocate	задохнуться	other_medical
suffocation	удушье	symptom
sugar free gum	жевательная резинка без сахара	other_medical
suicidal thoughts	мысли о самоубийстве	symptom
sulfa	сульфамидные препараты	medication
sunscreen	солнцезащитный крем	medication
support group	группа поддержки	procedure
surgery	операция	procedure
surgery	хирургическая операция	procedure
surgery	хирургическое вмешательство	procedure
swallowing check	проверка глотания	procedure
swallowing problem	проблемы с глотанием	symptom
swallowing problems	затрудненное глотание	symptom
swallowing problems	проблемы глотания	symptom
swallowing problems	проблемы с глотанием	symptom
sweating	повышенное потоотделение	symptom
sweating	потоотделение	symptom
sweating	усиленное потоотделение	symptom
sweats	потоотделение	symptom
swelling	опухание	symptom
swelling	опухоль	symptom
swelling	отек	symptom
swelling	отечность	symptom
swelling	припухлость	symptom
swelling in the body	опухание частей тела	symptom
swelling of neck or face	отек шеи или лица	symptom
swollen	припухлость	symptom
swollen breasts	припухание молочных желез	symptom
swollen eyes	припухлость век	symptom
swollen gums	припухлость десен	symptom
swollen lymph glands	увеличение лимфоузлов	symptom
syphilis	сифилис	diagnosis
syringe	шприц	other_medical
systolic reading	систолическое давление	test
tailbone	копчик	anatomy
targeted therapy	таргетная терапия	procedure
taste and smell changes	изменения вкусовых ощущений и обоняния	symptom
tb	тб	diagnosis
teaspoon	чайная ложка	other_medical
teeth	зубы	anatomy
teething	прорезывание зубов	symptom
teething ring	кольцо для прорезывания зубов	other_medical
temperature changes	изменение температуры	symptom
temporal lobe	височная доля	anatomy
temporal temperature	лобная температура	test
tender	побаливает	symptom
tender gums	кровоточивость десен	symptom
tender lymph glands	болезненные лимфоузлы	symptom
tenderness	болезненность	symptom
tenderness	болезненные ощущения	symptom
tension headache	головная боль напряжения	symptom
test results	результаты исследования	test
test strips	тест-полоски	test
testosterone creams	крем с тестостероном	medication
tetanus	столбняк	diagnosis
tetanus vaccine	прививка от столбняка	medication
therapy	психологическое лечение	procedure
thick mucus	плотная мокрота	symptom
thighs	бедра	anatomy
thinning bones	истончение костей	symptom
thirst	жажда	symptom
thoracic curve	грудной изгиб	anatomy
throat injury	травма горла	diagnosis
throat muscles	мышцы глотки	anatomy
throat swab	мазок задней стенки горла	test
throbbing headache	пульсирующая головная боль	symptom
throbbing pain	пульсирующая боль	symptom
throwing up	рвота	symptom
thumb	большой палец	anatomy
thyroid disease	заболевания щитовидной железы	diagnosis
thyroid gland	щитовидная железа	anatomy
thyroid level	функция щитовидной железы	anatomy
thyroid medicine	лекарства для щитовидной железы	medication
thyroid scan	тиреосцинтиграфия	test
thyroid ultrasound	узи щитовидной железы	test
tia	тиа	diagnosis
tibia	большая берцовая кость	anatomy
tingle	покалывать	symptom
tingling	покалывание	symptom
tingling	пощипывание	symptom
tiredness	ощущение усталости	symptom
tiredness	усталость	symptom
tiredness	чувство усталости	symptom
tissue	ткань	anatomy
tissue biopsy	кусочек ткани для анализа	procedure
tissue samples	образцы ткани	test
tobacco free life	жизнь без табака	other_medical
toe curls	хватание пальцами ног	procedure
toe raises	поднятие пальцев ног	procedure
toenails	ногти на ножках	anatomy
toes	пальцы ноги	anatomy
tongue	язык	anatomy
tongue base	корень языка	anatomy
tongue blade	депрессор языка	other_medical
tongue stretch	вытягивание языка	procedure
tongue swelling	отек языка	symptom
tooth decay	кариес	diagnosis
topical medicine	местное лекарство	medication
total cholesterol blood level	общий уровень холестерина в крови	test
total hip replacement	полная замена тазобедренного сустава	procedure
total knee replacement	полная замена коленного сустава	procedure
touch down weight bearing	касательная нагрузка	procedure
toxic chemicals	токсичные химические вещества	other_medical
tracer	контрастное вещество	medication
trachea	трахея	anatomy
tracheostomy	трахеостомия	procedure
transducer	датчик	other_medical
transesophageal echocardiography	чреспищеводная эхокардиография	test
transient ischemic attack	транзиторная ишемическая атака	diagnosis
transition	переходная фаза	procedure
transplantation	трансплантация	procedure
transverse abdominis	поперечная мышца живота	anatomy
traumatic brain injury	черепно-мозговая травма	diagnosis
treadmill	беговая дорожка	other_medical
treadmill	бегущая дорожка	procedure
tremor	тремор	symptom
trichomoniasis	трихомонадный вагинит	diagnosis
triglyceride blood level	уровень триглицеридов в крови	test
triglycerides	триглицериды	test
triglycerides test	анализ на триглицериды	test
trouble breathing	затруднение дыхания	symptom
trouble breathing	затрудненное дыхание	symptom
trouble breathing	проблемы с дыханием	symptom
trouble breathing	трудно дышать	symptom
trouble breathing	трудность дыхания	symptom
trouble falling asleep	трудности с засыпанием	symptom
trouble seeing	проблемы со зрением	symptom
trouble sleeping	проблемы со сном	symptom
trouble speaking	затруднение речи	symptom
trouble staying asleep	трудности с пребыванием в состоянии сна	symptom
trouble staying awake	проблемы с бодрствованием	symptom
trouble swallowing	затруднение глотания	symptom
trouble swallowing	проблемы с глотанием	symptom
trouble walking	проблемы при хождении	symptom
true labor	истинные схватки	symptom
tub bath	купание в ванне	procedure
tube	трубка	other_medical
tuberculosis	туберкулез	diagnosis
tummy time	время на животике	other_medical
tummy time	положение на животе	procedure
tumor	опухоль	anatomy
tumors	опухоли	anatomy
tunnel vision	туннельное зрение	symptom
twitching movements	спазмы мускулов	symptom
tympanic temperature	ушная температура	test
type 1 diabetes	диабет 1 типа	diagnosis
type 1 diabetes	диабет 1-го типа	diagnosis
type 2 diabetes	диабет 2-го типа	diagnosis
type 2 diabetes	диабет типа 2	diagnosis
ulcerative colitis	язвенный колит	diagnosis
ulcers	язвочки	symptom
ulcers	язвы	symptom
ultrasound	узи	test
ultrasound	ультразвук	test
ultrasound	ультразвуковое исследование	test
ultrasound	ультразвуковое обследование	test
umbilical cord	пуповина	anatomy
umbilical cord	пупочный остаток	anatomy
unconsciousness	бессознательное состояние	symptom
unconsciousness	потеря сознания	symptom
uncontrolled changes in brain activity	неконтролируемые изменения активности мозга	symptom
upper arm	предплечье	anatomy
upper endoscopy	эндоскопия верхних отделов	test
upper endoscopy	эндоскопия верхних отделов жкт	procedure
upper right abdominal pain	боль в верхней правой части живота	symptom
ureter	мочеиспускательный канал	anatomy
urethra	уретра	anatomy
urge incontinence	ургентное недержание	diagnosis
urge to urinate	частые позывы к мочеиспусканию	symptom
urinary frequency	частое мочеиспускание	symptom
urinary incontinence	недержание мочи	diagnosis
urinary tract infection	инфекция мочевыводящих путей	diagnosis
urinary tract infection	инфекция мочеиспускательного канала	diagnosis
urinary urgency	внезапные позывы к мочеиспусканию	symptom
urinate often	частое мочеиспускание	symptom
urinating	мочеиспускание	other_medical
urinating problems	проблемы с мочеиспусканием	symptom
urination	мочеиспускание	other_medical
urine	моча	anatomy
urine leakage	вытекание мочи	symptom
urine sample	анализ мочи	test
urine sample	образец мочи	test
urine test	анализ мочи	test
urine test for protein	анализ мочи на белок	test
urine tests	анализы мочи	test
uterine contractions	сокращения матки	symptom
uterine cramping	судороги матки	symptom
uterus	матка	anatomy
uti	имп	diagnosis
vaccinations	прививки	procedure
vaccine	вакцина	medication
vaccine injection	укол прививки	procedure
vaccines	вакцины	medication
vaccines	прививки	procedure
vagina	влагалище	anatomy
vaginal atrophy	атрофия влагалища	diagnosis
vaginal birth	вагинальные роды	procedure
vaginal bleeding	вагинальное кровотечение	symptom
vaginal bleeding	кровянистые выделения из влагалища	symptom
vaginal burning	жжение около влагалища	symptom
vaginal delivery	влагалищное родоразрешение	procedure
vaginal discharge	влагалищные выделения	symptom
vaginal discharge	выделения	symptom
vaginal discharge	выделения из влагалища	symptom
vaginal dryness	вагинальная сухость	symptom
vaginal dryness	сухость влагалища	symptom
vaginal estrogen therapy	локальная терапия эстрогенами	procedure
vaginal infection	вагинальная инфекция	diagnosis
vaginal infections	вагинальные инфекции	diagnosis
vaginal itching	зуд влагалища	symptom
vaginal itching	зуд во влагалище	symptom
vaginal itching	зуд около влагалища	symptom
vaginal sores	язвы около влагалища	symptom
vaginal warts	бородавки около влагалища	symptom
vaginitis	вагинит	diagnosis
vaporizer	испаритель	other_medical
varicella	ветряная оспа	diagnosis
varicella antibodies	антитела к ветряной оспе	test
vascular dementia	васкулярная деменция	diagnosis
venlafaxine	венлафаксин	medication
vertebrae	позвонки	anatomy
viral infection	вирусная инфекция	diagnosis
virus	вирусы	other_medical
viruses	вирусы	other_medical
vision changes	изменения зрения	symptom
vision loss	потеря зрения	symptom
vision problems	проблемы со зрением	symptom
vision test	зрительный тест	test
vitamin a	витамин a	medication
vitamin a	витамин а	medication
vitamin b complex	витамины группы в	medication
vitamin b6	витамин b6	medication
vitamin c	витамин с	medication
vitamin d	витамин d	medication
vitamin d deficiency	дефицит витамина d	diagnosis
vitamin d supplement	препарат витамина d	medication
vitamin e	витамин е	medication
vitamins	витамины	medication
vomit	рвота	symptom
vomiting	рвота	symptom
vomiting blood	рвота с кровью	symptom
vp shunt	вентрикуло-перитонеальный шунт	other_medical
walker	ходунки	other_medical
wall slide	приседания с упором на стену	procedure
wall slide	скольжение по стене	procedure
warfarin	варфарин	medication
warm compress	теплый компресс	procedure
warm flush	ощущение жара	symptom
warm up	разминка	procedure
warmth	жжение	symptom
warmth	повышение температуры	symptom
warmth around joint	ощущение тепла около сустава	symptom
water breaks	отход вод	symptom
water-based lubricants	гели-смазки на водной основе	medication
watery eyes	слезотечение	symptom
watery eyes	слезящиеся глаза	symptom
weak	слабость	symptom
weak cough	слабый кашель	symptom
weak immune system	слабый иммунитет	symptom
weak leg	ослабленная ног	anatomy
weak leg	ослабленная нога	symptom
weak pulse	слабый пульс	symptom
weakened immune system	ослабленная иммунная система	symptom
weakness	слабость	symptom
weakness in leg	слабость в ногах	symptom
weight bearing	нагрузка на ногу	procedure
weight gain	набор веса	symptom
weight gain	увеличение веса	symptom
weight loss	потеря веса	symptom
weight loss	похудение	other_medical
weight loss	снижение веса	other_medical
weight loss or gain	похудение или увеличение веса	symptom
wet diapers	мокрые подгузники	test
wet diapers	мочеиспускание	symptom
wet diapers	мочеиспускания	other_medical
wheat bran	пшеничные отруби	other_medical
wheezing	свистящее дыхание	symptom
wheezing	хрипы	symptom
whistling	свист	symptom
white blood cell count	уровень лейкоцитов	test
white blood cells	белые кровяные клетки	anatomy
white patches in the throat	белые бляшки в горле	symptom
whole grain breads	хлеб из необработанного зерна	other_medical
wireless capsule monitor	капсульная эндоскопия	procedure
withdrawal symptoms	симптомы абстиненции	symptom
worn cartilage	износившийся хрящ	symptom
wound	рана	symptom
wound drainage	выделения из области раны	symptom
wound healing	заживление раны	procedure
wrist	запястье	anatomy
wrist flexion and extension	сгибание и разгибание запястья	procedure
wrist rotation	вращение запястья	procedure
x-ray	рентген	test
x-ray	рентгеновский снимок	test
x-ray pictures	рентгеновские снимки	test
x-ray table	рентгеновский стол	other_medical
x-ray test	рентгеновское исследование	test
x-rays	рентген	test
x-rays	рентгеновские снимки	test
yeast infection	дрожжевая инфекция	diagnosis
yeast infection	молочница	diagnosis
yellow eyes	желтые глаза	symptom
yellow fever	жёлтая лихорадка	diagnosis
yellow mucus	желтая мокрота	symptom
yellow or green mucus	желтая или зеленая мокрота	symptom
yellow skin	желтая кожа	symptom
yellowing of skin and eyes	окрашенность кожи и белков глаз в желтый цвет	symptom
zinc	цинк	medication
