EN	RU	Category
abdomen	斜褉褞褕薪邪褟 锌芯谢芯褋褌褜	anatomy
abdomen	卸懈胁芯褌	anatomy
afterbirth	锌芯褋谢械写	anatomy
air sacs	邪谢褜胁械芯谢褘	anatomy
air sacs	胁芯蟹写褍褕薪褘械 屑械褕芯褔泻懈	anatomy
airway	写褘褏邪褌械谢褜薪褘械 锌褍褌懈	anatomy
airways	写褘褏邪褌械谢褜薪褘械 锌褍褌懈	anatomy
airways	胁芯蟹写褍褕薪褘械 锌褍褌懈	anatomy
alveoli	邪谢褜胁械芯谢褘	anatomy
amniotic cavity	邪屑薪懈芯褌懈褔械褋泻邪褟 锌芯谢芯褋褌褜	anatomy
amniotic fluid	芯泻芯谢芯锌谢芯写薪褘械 胁芯写褘	anatomy
ankle	谢芯写褘卸泻邪	anatomy
ankle	谐芯谢械薪芯褋褌芯锌薪褘泄 褋褍褋褌邪胁	anatomy
anus	邪薪褍褋	anatomy
anus	蟹邪写薪懈泄 锌褉芯褏芯写	anatomy
aorta	邪芯褉褌邪	anatomy
appendix	邪锌锌械薪写懈泻褋	anatomy
arch of foot	懈蟹谐懈斜 褋褌褍锌薪懈	anatomy
areola	邪褉械芯谢邪	anatomy
armpit	锌芯写屑褘褕械褔薪邪褟 胁锌邪写懈薪邪	anatomy
back	褋锌懈薪邪	anatomy
back muscles	屑褘褕褑褘 褋锌懈薪褘	anatomy
ball of foot	锌芯写褍褕械褔泻邪 褋褌芯锌褘	anatomy
ball of foot	锌械褉械写薪褟褟 褔邪褋褌褜 褋褌芯锌褘	anatomy
bladder	屑芯褔械胁芯泄 锌褍蟹褘褉褜	anatomy
blood cells	泻褉芯胁褟薪褘械 泻谢械褌泻懈	anatomy
blood supplies	泻褉芯胁芯褌芯泻	anatomy
blood vessel	泻褉芯胁械薪芯褋薪褘泄 褋芯褋褍写	anatomy
blood vessels	泻褉芯胁械薪芯褋薪褘械 褋芯褋褍写褘	anatomy
blood vessels	褋芯褋褍写褘	anatomy
bone marrow	泻芯褋褌薪褘泄 屑芯蟹谐	anatomy
bones	泻芯褋褌懈	anatomy
brain	屑芯蟹谐	anatomy
breast	谐褉褍写褜	anatomy
breast tissue	褌泻邪薪褜 谐褉褍写懈	anatomy
breast tissue	褌泻邪薪褜 屑芯谢芯褔薪芯泄 卸械谢械蟹褘	anatomy
breastbone	谐褉褍写懈薪邪	anatomy
breasts	谐褉褍写褜	anatomy
bronchi	斜褉芯薪褏懈	anatomy
bronchioles	斜褉芯薪褏懈芯谢褘	anatomy
bronchus	斜褉芯薪褏懈	anatomy
buttocks	褟谐芯写懈褑褘	anatomy
cancer cells	褉邪泻芯胁褘械 泻谢械褌泻懈	anatomy
cartilage	褏褉褟褖	anatomy
cerebrospinal fluid	褋锌懈薪薪芯屑芯蟹谐芯胁邪褟 卸懈写泻芯褋褌褜	anatomy
cervical curve	褕械泄薪褘泄 懈蟹谐懈斜	anatomy
cervix	褕械泄泻邪 屑邪褌泻懈	anatomy
cheek	褖械泻邪	anatomy
chest	谐褉褍写薪邪褟 泻谢械褌泻邪	anatomy
chest bones	泻芯褋褌懈 谐褉褍写懈	anatomy
circumcised penis	芯斜褉械蟹邪薪薪褘泄 锌械薪懈褋	anatomy
colon	芯斜芯写芯褔薪邪褟 泻懈褕泻邪	anatomy
colon	褌芯谢褋褌邪褟 泻懈褕泻邪	anatomy
colon lining	胁褘褋褌懈谢泻邪 芯斜芯写芯褔薪芯泄 泻懈褕泻懈	anatomy
colostrum	屑芯谢芯蟹懈胁芯	anatomy
coronary arteries	泻芯褉芯薪邪褉薪褘械 邪褉褌械褉懈懈	anatomy
csf	褑褋卸	anatomy
diaphragm	写懈邪褎褉邪谐屑邪	anatomy
digestive tract	锌懈褖械胁邪褉懈褌械谢褜薪褘泄 褌褉邪泻褌	anatomy
discs	写懈褋泻懈	anatomy
duodenum	写胁械薪邪写褑邪褌懈锌械褉褋褌薪邪褟 泻懈褕泻邪	anatomy
ear canal	褋谢褍褏芯胁芯泄 锌褉芯褏芯写	anatomy
eardrum	斜邪褉邪斜邪薪薪邪褟 锌械褉械锌芯薪泻邪	anatomy
elbow	谢芯泻芯褌褜	anatomy
elbow joint	谢芯泻褌械胁芯泄 褋褍褋褌邪胁	anatomy
esophagus	锌懈褖械胁芯写	anatomy
estrogen	褝褋褌褉芯谐械薪	anatomy
fallopian tube	褎邪谢芯锌懈械胁邪 褌褉褍斜邪	anatomy
femur	斜械写褉械薪薪邪褟 泻芯褋褌褜	anatomy
fibula	屑邪谢邪褟 斜械褉褑芯胁邪褟 泻芯褋褌褜	anatomy
fingernails	薪芯谐褌懈 薪邪 褉褍褔泻邪褏	anatomy
fingers	锌邪谢褜褑褘	anatomy
fist	泻褍谢邪泻	anatomy
fontanelle	褉芯写薪懈褔芯泻	anatomy
forearm	锌褉械写锌谢械褔褜械	anatomy
foreskin	泻褉邪泄薪褟褟 锌谢芯褌褜	anatomy
frontal lobe	谢芯斜薪邪褟 写芯谢褟	anatomy
genital area	芯斜谢邪褋褌褜 谐械薪懈褌邪谢懈泄	anatomy
genitals	谐械薪懈褌邪谢懈懈	anatomy
glans	谐芯谢芯胁泻邪 锌械薪懈褋邪	anatomy
good leg	蟹写芯褉芯胁邪褟 薪芯谐邪	anatomy
graft	谐褉邪褎褌	anatomy
groin site	芯斜谢邪褋褌褜 锌邪褏邪	anatomy
gums	写械褋薪褘	anatomy
heart	褋械褉写褑械	anatomy
heart muscle	褋械褉写械褔薪邪褟 屑褘褕褑邪	anatomy
heart valve	褋械褉写械褔薪褘泄 泻谢邪锌邪薪	anatomy
heart's activity	褉邪斜芯褌邪 褋械褉写褑邪	anatomy
heel	锌褟褌泻邪	anatomy
hip	斜械写褉芯	anatomy
hip joint	褌邪蟹芯斜械写褉械薪薪褘泄 褋褍褋褌邪胁	anatomy
hipbone	褌邪蟹芯胁邪褟 泻芯褋褌褜	anatomy
hippocampus	谐懈锌芯泻邪屑锌	anatomy
immune system	懈屑屑褍薪薪邪褟 褋懈褋褌械屑邪	anatomy
incision	褕芯胁	anatomy
index finger	褍泻邪蟹邪褌械谢褜薪褘泄 锌邪谢械褑	anatomy
injection site	屑械褋褌芯 懈薪褗械泻褑懈懈	anatomy
injured arm	褌褉邪胁屑懈褉芯胁邪薪薪邪褟 褉褍泻邪	anatomy
injured leg	褌褉邪胁屑懈褉芯胁邪薪薪邪褟 薪芯谐邪	anatomy
injured leg	褌褉邪胁屑懈褉芯胁邪薪薪邪褟 薪芯谐	anatomy
joint	褋褍褋褌邪胁	anatomy
joint space	褋褍褋褌邪胁薪邪褟 褖械谢褜	anatomy
joints	褋褍褋褌邪胁褘	anatomy
kidneys	锌芯褔泻懈	anatomy
knee	泻芯谢械薪芯	anatomy
knee joint	泻芯谢械薪薪褘泄 褋褍褋褌邪胁	anatomy
knuckles	褋褍褋褌邪胁褘 锌邪谢褜褑械胁	anatomy
labia	锌芯谢芯胁褘械 谐褍斜褘	anatomy
large bowel	褌芯谢褋褌邪褟 泻懈褕泻邪	anatomy
large intestine	褌芯谢褋褌邪褟 泻懈褕泻邪	anatomy
large intestine	褌芯谢褋褌褘泄 泻懈褕械褔薪懈泻	anatomy
large intestines	褌芯谢褋褌褘泄 泻懈褕械褔薪懈泻	anatomy
left atrium	谢械胁芯械 锌褉械写褋械褉写懈械	anatomy
leg	薪芯谐邪	anatomy
lens	褏褉褍褋褌邪谢懈泻	anatomy
ligament	褋胁褟蟹泻邪	anatomy
ligaments	褋胁褟蟹泻懈	anatomy
lips	谐褍斜褘	anatomy
little finger	屑懈蟹懈薪械褑	anatomy
liver	锌械褔械薪褜	anatomy
lower arm	锌褉械写锌谢械褔褜械	anatomy
lower back	锌芯褟褋薪懈褑邪	anatomy
lumbar curve	锌芯褟褋薪懈褔薪褘泄 懈蟹谐懈斜	anatomy
lumbar spine	锌芯褟褋薪懈褔薪褘泄 芯褌写械谢 锌芯蟹胁芯薪芯褔薪懈泻邪	anatomy
lung	谢械谐泻芯械	anatomy
lungs	谢械谐泻懈械	anatomy
lymph nodes	谢懈屑褎邪褌懈褔械褋泻懈械 褍蟹谢褘	anatomy
lymph nodes	谢懈屑褎芯褍蟹谢褘	anatomy
menstrual cycles	屑械薪褋褌褉褍邪谢褜薪褘泄 褑懈泻谢	anatomy
middle ear	褋褉械写薪械械 褍褏芯	anatomy
mole	褉芯写懈薪泻邪	anatomy
muscles	屑褘褕褑褘	anatomy
nails	薪芯谐褌懈	anatomy
navel	锌褍锌芯泻	anatomy
neck	褕械褟	anatomy
nerves	薪械褉胁褘	anatomy
nipple	褋芯褋芯泻	anatomy
nipples	褋芯褋泻懈	anatomy
nozzle	薪邪泻芯薪械褔薪懈泻	anatomy
occipital lobe	蟹邪褌褘谢芯褔薪邪褟 写芯谢褟	anatomy
optic nerve	蟹褉懈褌械谢褜薪褘泄 薪械褉胁	anatomy
oral mucosa	褋谢懈蟹懈褋褌邪褟 芯斜芯谢芯褔泻邪 褉褌邪	anatomy
ovaries	褟懈褔薪懈泻懈	anatomy
ovary	褟懈褔薪懈泻	anatomy
palm	谢邪写芯薪褜	anatomy
pancreas	锌芯写卸械谢褍写芯褔薪邪褟 卸械谢械蟹邪	anatomy
parietal lobe	褌械屑械薪薪邪褟 写芯谢褟	anatomy
patella	泻芯谢械薪薪邪褟 褔邪褕械褔泻邪	anatomy
pelvic floor muscles	屑褘褕褑褘 褌邪蟹芯胁芯谐芯 写薪邪	anatomy
pelvis	褌邪蟹芯胁邪褟 泻芯褋褌褜	anatomy
perineal area	锌褉芯屑械卸薪芯褋褌褜	anatomy
perineum	锌褉芯屑械卸薪芯褋褌褜	anatomy
pharynx	谐谢芯褌泻邪	anatomy
pinna	薪邪褉褍卸薪芯械 褍褏芯	anatomy
placenta	锌谢邪褑械薪褌邪	anatomy
plaque	斜谢褟褕泻懈	anatomy
platelets	褌褉芯屑斜芯褑懈褌褘	anatomy
rectum	锌褉褟屑邪褟 泻懈褕泻邪	anatomy
red blood cells	褝褉懈褌褉芯褑懈褌褘	anatomy
red blood cells	泻褉邪褋薪褘械 泻褉芯胁褟薪褘械 泻谢械褌泻懈	anatomy
red blood cells	泻褉邪褋薪褘械 泻褉芯胁褟薪褘械 褌械谢褜褑邪	anatomy
retina	褋械褌褔邪褌泻邪	anatomy
retinal blood vessels	褋芯褋褍写褘 褋械褌褔邪褌泻懈	anatomy
retinal blood vessels	泻褉芯胁械薪芯褋薪褘械 褋芯褋褍写褘 褋械褌褔邪褌泻懈	anatomy
ribs	褉械斜褉邪	anatomy
right atrium	锌褉邪胁芯械 锌褉械写褋械褉写懈械	anatomy
rotator cuff	屑褘褕褑褘-胁褉邪褖邪褌械谢懈 锌谢械褔邪	anatomy
sacrum	泻褉械褋褌械褑	anatomy
salivary glands	褋谢褞薪薪褘械 卸械谢械蟹褘	anatomy
scalp	泻芯卸邪 谐芯谢芯胁褘	anatomy
shoulder	锌谢械褔芯	anatomy
shoulder blades	谢芯锌邪褌泻懈	anatomy
sinus node	褋懈薪褍褋薪褘泄 褍蟹械谢	anatomy
sinus passages	褋懈薪褍褋芯胁褘械 锌邪蟹褍褏懈	anatomy
small bowel	褌芯薪泻懈泄 泻懈褕械褔薪懈泻	anatomy
small intestine	褌芯薪泻懈泄 泻懈褕械褔薪懈泻	anatomy
soft spots	屑褟谐泻懈械 褍褔邪褋褌泻懈	anatomy
soft tissues	屑褟谐泻懈械 褌泻邪薪懈	anatomy
spinal cord	褋锌懈薪薪芯泄 屑芯蟹谐	anatomy
spinal curves	褋锌懈薪薪褘械 懈蟹谐懈斜褘	anatomy
spine	锌芯蟹胁芯薪芯褔薪懈泻	anatomy
sputum	屑芯泻褉芯褌邪	anatomy
stomach	卸械谢褍写芯泻	anatomy
tailbone	泻芯锌褔懈泻	anatomy
teeth	蟹褍斜褘	anatomy
temporal lobe	胁懈褋芯褔薪邪褟 写芯谢褟	anatomy
thighs	斜械写褉邪	anatomy
thoracic curve	谐褉褍写薪芯泄 懈蟹谐懈斜	anatomy
throat muscles	屑褘褕褑褘 谐谢芯褌泻懈	anatomy
thumb	斜芯谢褜褕芯泄 锌邪谢械褑	anatomy
thyroid gland	褖懈褌芯胁懈写薪邪褟 卸械谢械蟹邪	anatomy
thyroid level	褎褍薪泻褑懈褟 褖懈褌芯胁懈写薪芯泄 卸械谢械蟹褘	anatomy
tibia	斜芯谢褜褕邪褟 斜械褉褑芯胁邪褟 泻芯褋褌褜	anatomy
tissue	褌泻邪薪褜	anatomy
toenails	薪芯谐褌懈 薪邪 薪芯卸泻邪褏	anatomy
toes	锌邪谢褜褑褘 薪芯谐懈	anatomy
tongue	褟蟹褘泻	anatomy
tongue base	泻芯褉械薪褜 褟蟹褘泻邪	anatomy
trachea	褌褉邪褏械褟	anatomy
transverse abdominis	锌芯锌械褉械褔薪邪褟 屑褘褕褑邪 卸懈胁芯褌邪	anatomy
tumor	芯锌褍褏芯谢褜	anatomy
tumors	芯锌褍褏芯谢懈	anatomy
umbilical cord	锌褍锌芯胁懈薪邪	anatomy
umbilical cord	锌褍锌芯褔薪褘泄 芯褋褌邪褌芯泻	anatomy
upper arm	锌褉械写锌谢械褔褜械	anatomy
ureter	屑芯褔械懈褋锌褍褋泻邪褌械谢褜薪褘泄 泻邪薪邪谢	anatomy
urethra	褍褉械褌褉邪	anatomy
urine	屑芯褔邪	anatomy
uterus	屑邪褌泻邪	anatomy
vagina	胁谢邪谐邪谢懈褖械	anatomy
vertebrae	锌芯蟹胁芯薪泻懈	anatomy
weak leg	芯褋谢邪斜谢械薪薪邪褟 薪芯谐	anatomy
white blood cells	斜械谢褘械 泻褉芯胁褟薪褘械 泻谢械褌泻懈	anatomy
wrist	蟹邪锌褟褋褌褜械	anatomy
a-fib	屑械褉褑邪褌械谢褜薪邪褟 邪褉懈褌屑懈褟	diagnosis
abnormal heart rhythm	薪邪褉褍褕械薪懈械 褋械褉写械褔薪芯谐芯 褉懈褌屑邪	diagnosis
acquired immune deficiency syndrome	褋懈薪写褉芯屑 锌褉懈芯斜褉械褌械薪薪芯谐芯 懈屑屑褍薪芯写械褎懈褑懈褌邪	diagnosis
active infection	邪泻褌懈胁薪邪褟 褎芯褉屑邪	diagnosis
acute bronchitis	芯褋褌褉褘泄 斜褉芯薪褏懈褌	diagnosis
acute kidney failure	芯褋褌褉邪褟 锌芯褔械褔薪邪褟 薪械写芯褋褌邪褌芯褔薪芯褋褌褜	diagnosis
aids	褋锌懈写	diagnosis
allergies	邪谢谢械褉谐懈褟	diagnosis
allergy	邪谢谢械褉谐懈褟	diagnosis
alzheimer's dementia	斜芯谢械蟹薪褜 邪谢褜褑谐械泄屑械褉邪	diagnosis
alzheimer's disease	斜芯谢械蟹薪褜 邪谢褜褑谐械泄屑械褉邪	diagnosis
anemia	邪薪械屑懈褟	diagnosis
angina	褋褌械薪芯泻邪褉写懈褟	diagnosis
animal bite	褍泻褍褋 卸懈胁芯褌薪芯谐芯	diagnosis
anorexia	邪薪芯褉械泻褋懈褟	diagnosis
anoxia	邪薪芯泻褋懈褟	diagnosis
anthrax	褋懈斜懈褉褋泻邪褟 褟蟹胁邪	diagnosis
anxiety	褌褉械胁芯谐邪	diagnosis
arm injury	褌褉邪胁屑邪 褉褍泻懈	diagnosis
arthritis	邪褉褌褉懈褌	diagnosis
asthma	邪褋褌屑邪	diagnosis
asthma attacks	锌褉懈褋褌褍锌褘 邪褋褌屑褘	diagnosis
asthma severity	褋褌械锌械薪褜 褌褟卸械褋褌懈 邪褋褌屑褘	diagnosis
atrial fibrillation	褎懈斜褉懈谢谢褟褑懈褟 锌褉械写褋械褉写懈泄	diagnosis
atrophic vaginitis	邪褌褉芯褎懈褔械褋泻懈泄 胁邪谐懈薪懈褌	diagnosis
autonomic neuropathy	胁械谐械褌邪褌懈胁薪邪褟 薪械泄褉芯锌邪褌懈褟	diagnosis
baby blues	锌芯褋谢械褉芯写芯胁褘泄 褋褌褉械褋褋	diagnosis
back injury	褌褉邪胁屑邪 褋锌懈薪褘	diagnosis
back problems	锌褉芯斜谢械屑褘 褋芯 褋锌懈薪芯泄	diagnosis
bacterial infection	斜邪泻褌械褉懈邪谢褜薪邪褟 懈薪褎械泻褑懈褟	diagnosis
bacterial pneumonia	斜邪泻褌械褉懈邪谢褜薪邪褟 锌薪械胁屑芯薪懈褟	diagnosis
bacterial vaginosis	斜邪泻褌械褉懈邪谢褜薪褘泄 胁邪谐懈薪芯蟹	diagnosis
basal cell carcinoma	斜邪蟹邪谢褜薪芯-泻谢械褌芯褔薪邪褟 泻邪褉褑懈薪芯屑邪	diagnosis
bat bite	褍泻褍褋 谢械褌褍褔械泄 屑褘褕懈	diagnosis
benign tumors	写芯斜褉芯泻邪褔械褋褌胁械薪薪褘械 芯锌褍褏芯谢懈	diagnosis
birth defects	胁褉芯卸写械薪薪褘械 写械褎械泻褌褘	diagnosis
bladder infection	懈薪褎械泻褑懈褟 屑芯褔械懈褋锌褍褋泻邪褌械谢褜薪芯谐芯 泻邪薪邪谢邪	diagnosis
bladder infection	懈薪褎械泻褑懈褟 屑芯褔械胁芯谐芯 锌褍蟹褘褉褟	diagnosis
bladder stones	泻邪屑薪懈 胁 屑芯褔械胁芯屑 锌褍蟹褘褉械	diagnosis
bleeding disorder	薪邪褉褍褕械薪懈械 泻褉芯胁芯芯斜褉邪褖械薪懈褟	diagnosis
blockage	蟹邪泻褍锌芯褉泻邪 褋芯褋褍写邪	diagnosis
blockage in blood vessels	蟹邪泻褍锌芯褉泻邪 泻褉芯胁械薪芯褋薪褘褏 褋芯褋褍写芯胁	diagnosis
blood cancer	褉邪泻 泻褉芯胁懈	diagnosis
blood clots	褌褉芯屑斜褘	diagnosis
blood diseases	蟹邪斜芯谢械胁邪薪懈褟 泻褉芯胁懈	diagnosis
blood vessel disease	褋芯褋褍写懈褋褌褘械 蟹邪斜芯谢械胁邪薪懈褟	diagnosis
blood vessel disease	蟹邪斜芯谢械胁邪薪懈械 泻褉芯胁械薪芯褋薪褘褏 褋芯褋褍写芯胁	diagnosis
boils	褎褍褉褍薪泻褍谢械蟹	diagnosis
bone cancer	褉邪泻 泻芯褋褌械泄	diagnosis
bone fracture	锌械褉械谢芯屑 泻芯褋褌懈	diagnosis
bone fracture	锌械褉械谢芯屑褘 泻芯褋褌械泄	diagnosis
bone fracture	锌械褉械谢芯屑	diagnosis
bowel disease	蟹邪斜芯谢械胁邪薪懈械 泻懈褕械褔薪懈泻邪	diagnosis
brain death	褋屑械褉褌褜 屑芯蟹谐邪	diagnosis
brain disorders	薪邪褉褍褕械薪懈褟 褉邪斜芯褌褘 屑芯蟹谐邪	diagnosis
brain injury	褌褉邪胁屑邪 谐芯谢芯胁薪芯谐芯 屑芯蟹谐邪	diagnosis
brain injury	褔械褉械锌薪芯-屑芯蟹谐芯胁邪褟 褌褉邪胁屑邪	diagnosis
brain tumors	芯锌褍褏芯谢懈 屑芯蟹谐邪	diagnosis
breast cancer	褉邪泻 谐褉褍写懈	diagnosis
breast infection	懈薪褎械泻褑懈褟 屑芯谢芯褔薪芯泄 卸械谢械蟹褘	diagnosis
breast infection	懈薪褎械泻褑懈褟 胁 谐褉褍写懈	diagnosis
broken bone	褋谢芯屑邪薪薪邪褟 泻芯褋褌褜	diagnosis
broken bone	锌械褉械谢芯屑	diagnosis
broken bones	锌械褉械谢芯屑褘	diagnosis
bronchitis	斜褉芯薪褏懈褌	diagnosis
bulimia	斜褍谢懈屑懈褟	diagnosis
burns	芯卸芯谐懈	diagnosis
cancer	褉邪泻	diagnosis
cancer in the blood	褉邪泻 泻褉芯胁懈	diagnosis
cancer in the bone	褉邪泻 泻芯褋褌械泄	diagnosis
carbon monoxide poisoning	芯褌褉邪胁谢械薪懈械 褍谐邪褉薪褘屑 谐邪蟹芯屑	diagnosis
carcinoma	泻邪褉褑懈薪芯屑邪	diagnosis
cataracts	泻邪褌邪褉邪泻褌邪	diagnosis
cerebral hemorrhage	泻褉芯胁芯懈蟹谢懈褟薪懈械 胁 屑芯蟹谐	diagnosis
cerebral palsy	褑械褉械斜褉邪谢褜薪褘泄 锌邪褉邪谢懈褔	diagnosis
cervical cancer	褉邪泻 褕械泄泻懈 屑邪褌泻懈	diagnosis
chemical poisoning	褏懈屑懈褔械褋泻芯械 芯褌褉邪胁谢械薪懈械	diagnosis
chest cold	锌褉芯褋褌褍写薪芯械 蟹邪斜芯谢械胁邪薪懈械	diagnosis
chickenpox	胁械褌褉褟薪邪褟 芯褋锌邪	diagnosis
chronic bronchitis	褏褉芯薪懈褔械褋泻懈泄 斜褉芯薪褏懈褌	diagnosis
chronic kidney failure	褏褉芯薪懈褔械褋泻邪褟 锌芯褔械褔薪邪褟 薪械写芯褋褌邪褌芯褔薪芯褋褌褜	diagnosis
chronic obstructive pulmonary disease	褏褉芯薪懈褔械褋泻懈械 芯斜褋褌褉褍泻褌懈胁薪褘械 斜芯谢械蟹薪懈 谢械谐泻懈褏	diagnosis
cluster headache	泻谢邪褋褌械褉薪邪褟 谐芯谢芯胁薪邪褟 斜芯谢褜	diagnosis
cold	锌褉芯褋褌褍写邪	diagnosis
colon cancer	褉邪泻 褌芯谢褋褌芯泄 泻懈褕泻懈	diagnosis
colon cancer	褉邪泻 芯斜芯写芯褔薪芯泄 泻懈褕泻懈	diagnosis
colorectal cancer	泻芯谢芯褉械泻褌邪谢褜薪褘泄 褉邪泻	diagnosis
coma	泻芯屑邪	diagnosis
concussion	褋芯褌褉褟褋械薪懈械	diagnosis
congestive heart failure	蟹邪褋褌芯泄薪邪褟 褋械褉写械褔薪邪褟 薪械写芯褋褌邪褌芯褔薪芯褋褌褜	diagnosis
contusion	泻芯薪褌褍蟹懈褟	diagnosis
copd	褏芯斜谢	diagnosis
coronary artery disease	懈褕械屑懈褔械褋泻邪褟 斜芯谢械蟹薪褜 褋械褉写褑邪	diagnosis
cushing's disease	斜芯谢械蟹薪褜 泻褍褕懈薪谐邪	diagnosis
cyst	泻懈褋褌邪	diagnosis
cystic fibrosis	泻懈褋褌芯蟹薪褘泄 褎懈斜褉芯蟹	diagnosis
cysts	泻懈褋褌褘	diagnosis
dehydration	芯斜械蟹胁芯卸懈胁邪薪懈械 芯褉谐邪薪懈蟹屑邪	diagnosis
dehydration	芯斜械蟹胁芯卸懈胁邪薪懈械	diagnosis
dementia	写械屑械薪褑懈褟	diagnosis
dementia	褋谢邪斜芯褍屑懈械	diagnosis
depression	写械锌褉械褋褋懈褟	diagnosis
diabetes	写懈邪斜械褌	diagnosis
diabetic neuropathy	写懈邪斜械褌懈褔械褋泻邪褟 薪械胁褉芯锌邪褌懈褟	diagnosis
diabetic neuropathy	写懈邪斜械褌懈褔械褋泻邪褟 薪械泄褉芯锌邪褌懈褟	diagnosis
diabetic retinopathy	写懈邪斜械褌懈褔械褋泻邪褟 褉械褌懈薪芯锌邪褌懈褟	diagnosis
diffuse axonal injury	写懈褎褎褍蟹薪芯械 邪泻褋芯薪邪谢褜薪芯械 锌芯胁褉械卸写械薪懈械	diagnosis
diphtheria	写懈褎褌械褉懈褟	diagnosis
drowning	褍褌芯锌谢械薪懈械	diagnosis
dysphagia	写懈褋褎邪谐懈褟	diagnosis
ear infection	褍褕薪邪褟 懈薪褎械泻褑懈褟	diagnosis
eclampsia	褝泻谢邪屑锌褋懈褟	diagnosis
eczema	褝泻蟹械屑邪	diagnosis
emphysema	褝屑褎懈蟹械屑邪	diagnosis
end-stage renal failure	褌械褉屑懈薪邪谢褜薪邪褟 褋褌邪写懈褟 锌芯褔械褔薪芯泄 薪械写芯褋褌邪褌芯褔薪芯褋褌懈	diagnosis
engorgement	薪邪谐褉褍斜邪薪懈械 屑芯谢芯褔薪褘褏 卸械谢械蟹	diagnosis
enlarged heart	褍胁械谢懈褔械薪薪芯械 褋械褉写褑械	diagnosis
epidural hematoma	褝锌懈写褍褉邪谢褜薪邪褟 谐械屑邪褌芯屑邪	diagnosis
epilepsy	褝锌懈谢械锌褋懈褟	diagnosis
flat head syndrome	褋懈薪写褉芯屑 锌谢芯褋泻芯泄 谐芯谢芯胁褘	diagnosis
flat spots on baby's head	褋懈薪写褉芯屑 锌谢芯褋泻芯泄 谐芯谢芯胁褘	diagnosis
flu	谐褉懈锌锌	diagnosis
gastroparesis	谐邪褋褌褉芯锌邪褉械蟹	diagnosis
genetic problems	谐械薪械褌懈褔械褋泻懈械 锌褉芯斜谢械屑褘	diagnosis
genital warts	谐械薪懈褌邪谢褜薪褘械 斜芯褉芯写邪胁泻懈	diagnosis
gestational diabetes	谐械褋褌邪褑懈芯薪薪褘泄 写懈邪斜械褌	diagnosis
gestational hypertension	谐械褋褌邪褑懈芯薪薪邪褟 谐懈锌械褉褌械薪蟹懈褟	diagnosis
glaucoma	谐谢邪褍泻芯屑邪	diagnosis
group b strep	褋褌褉械锌褌芯泻芯泻泻 谐褉褍锌锌褘 b	diagnosis
group b streptococcus	褋褌褉械锌褌芯泻芯泻泻 谐褉褍锌锌褘 胁	diagnosis
haemophilus influenzae type b	谐械屑芯褎懈谢褜薪邪褟 懈薪褎械泻褑懈褟 褌懈锌邪 b	diagnosis
hardening of blood vessels	褍屑械薪褜褕械薪懈械 褝谢邪褋褌懈褔薪芯褋褌懈 泻褉芯胁械薪芯褋薪褘褏 褋芯褋褍写芯胁	diagnosis
head and neck cancer	芯锌褍褏芯谢懈 谐芯谢芯胁褘 懈 褕械懈	diagnosis
head and neck cancer	芯锌褍褏芯谢懈 谐芯谢芯胁褘 懈 谐芯褉褌邪薪懈	diagnosis
head disease	斜芯谢械蟹薪懈 谐芯谢芯胁褘	diagnosis
head lice	谐芯谢芯胁薪褘械 胁褕懈	diagnosis
hearing loss	锌芯褌械褉褟 褋谢褍褏邪	diagnosis
heart attack	懈薪褎邪褉泻褌	diagnosis
heart attack	懈薪褎邪褉泻褌 屑懈芯泻邪褉写邪	diagnosis
heart attack	褋械褉写械褔薪褘泄 锌褉懈褋褌褍锌	diagnosis
heart damage	锌芯胁褉械卸写械薪懈械 褋械褉写褑邪	diagnosis
heart disease	褋械褉写械褔薪褘械 蟹邪斜芯谢械胁邪薪懈褟	diagnosis
heart disease	蟹邪斜芯谢械胁邪薪懈褟 褋械褉写褑邪	diagnosis
heart disease	褋械褉写械褔薪芯-褋芯褋褍写懈褋褌褘械 蟹邪斜芯谢械胁邪薪懈褟	diagnosis
heart disease	褋械褉写械褔薪芯-褋芯褋褍写懈褋褌褘械 斜芯谢械蟹薪懈	diagnosis
heart disease	斜芯谢械蟹薪懈 褋械褉写褑邪	diagnosis
heart disease	褋械褉写械褔薪芯械 蟹邪斜芯谢械胁邪薪懈械	diagnosis
heart disease	褋械褉写械褔薪芯-褋芯褋褍写懈褋褌芯械 蟹邪斜芯谢械胁邪薪懈械	diagnosis
heart failure	褋械褉写械褔薪邪褟 薪械写芯褋褌邪褌芯褔薪芯褋褌褜	diagnosis
heart problem	锌褉芯斜谢械屑褘 褋 褋械褉写褑械屑	diagnosis
heart valve problems	锌芯褉芯泻懈 泻谢邪锌邪薪芯胁 褋械褉写褑邪	diagnosis
heat exhaustion	褌械锌谢芯胁芯械 懈褋褌芯褖械薪懈械	diagnosis
heat stroke	褌械锌谢芯胁芯泄 褍写邪褉	diagnosis
hematoma	谐械屑邪褌芯屑邪	diagnosis
hemophilia	谐械屑芯褎懈谢懈褟	diagnosis
hemorrhoids	谐械屑芯褉褉芯泄	diagnosis
hepatitis	谐械锌邪褌懈褌	diagnosis
hepatitis a	谐械锌邪褌懈褌 邪	diagnosis
hepatitis b	谐械锌邪褌懈褌 胁	diagnosis
herpes	谐械褉锌械褋	diagnosis
high blood calcium	胁褘褋芯泻懈泄 褍褉芯胁械薪褜 泻邪谢褜褑懈褟 胁 泻褉芯胁懈	diagnosis
high blood cholesterol	胁褘褋芯泻懈泄 褍褉芯胁械薪褜 褏芯谢械褋褌械褉懈薪邪	diagnosis
high blood cholesterol	锌芯胁褘褕械薪薪芯械 褋芯写械褉卸邪薪懈械 褏芯谢械褋褌械褉懈薪邪	diagnosis
high blood pressure	胁褘褋芯泻芯械 写邪胁谢械薪懈械	diagnosis
high blood pressure	锌芯胁褘褕械薪懈械 邪褉褌械褉懈邪谢褜薪芯谐芯 写邪胁谢械薪懈褟	diagnosis
high blood pressure	胁褘褋芯泻芯械 泻褉芯胁褟薪芯械 写邪胁谢械薪懈械	diagnosis
high blood pressure	锌芯胁褘褕械薪薪芯械 泻褉芯胁褟薪芯械 写邪胁谢械薪懈械	diagnosis
high blood pressure	锌芯胁褘褕械薪薪芯械 写邪胁谢械薪懈械	diagnosis
high cholesterol	胁褘褋芯泻懈泄 褏芯谢械褋褌械褉懈薪	diagnosis
high cholesterol	胁褘褋芯泻懈泄 褍褉芯胁械薪褜 褏芯谢械褋褌械褉懈薪邪	diagnosis
high cholesterol	锌芯胁褘褕械薪薪褘泄 褍褉芯胁械薪褜 褏芯谢械褋褌械褉懈薪邪	diagnosis
hiv	胁懈褔	diagnosis
hodgkin's lymphoma	谢懈屑褎芯屑邪 褏芯写卸泻懈薪邪	diagnosis
hpv	胁锌褔	diagnosis
hsv	谐械褉锌械褋	diagnosis
human immunodeficiency virus	胁懈褉褍褋 懈屑屑褍薪芯写械褎懈褑懈褌邪 褔械谢芯胁械泻邪	diagnosis
human papillomavirus	胁懈褉褍褋 锌邪锌懈谢谢芯屑褘 褔械谢芯胁械泻邪	diagnosis
hypercalcemia	谐懈锌械褉泻邪谢褜褑懈械屑懈褟	diagnosis
hyperglycemia	谐懈锌械褉谐谢懈泻械屑懈褟	diagnosis
hypertension	谐懈锌械褉褌械薪蟹懈褟	diagnosis
hypertension	谐懈锌械褉褌芯薪懈褟	diagnosis
hypoglycemia	谐懈锌芯谐谢懈泻械屑懈褟	diagnosis
hypothermia	谐懈锌芯褌械褉屑懈褟	diagnosis
hypothyroidism	谐懈锌芯褌懈褉械芯蟹	diagnosis
immunosuppression	懈屑屑褍薪芯写械锌褉械褋褋懈褟	diagnosis
incontinence	薪械写械褉卸邪薪懈械	diagnosis
infected wounds	懈薪褎懈褑懈褉芯胁邪薪薪褘械 褉邪薪褘	diagnosis
infection	懈薪褎械泻褑懈褟	diagnosis
infection	蟹邪褉邪卸械薪懈械	diagnosis
infections	懈薪褎械泻褑懈芯薪薪褘械 蟹邪斜芯谢械胁邪薪懈褟	diagnosis
infections	懈薪褎懈褑懈褉芯胁邪薪懈械	diagnosis
infections	懈薪褎械泻褑懈懈	diagnosis
influenza	谐褉懈锌锌	diagnosis
inhalation anthrax	谢械谐芯褔薪邪褟 褎芯褉屑邪 斜芯谢械蟹薪懈	diagnosis
insomnia	斜械褋褋芯薪薪懈褑邪	diagnosis
insulin reaction	懈薪褋褍谢懈薪芯胁邪褟 褉械邪泻褑懈褟	diagnosis
insulin shock	懈薪褋褍谢懈薪芯胁褘泄 褕芯泻	diagnosis
intracerebral hematoma	胁薪褍褌褉懈屑芯蟹谐芯胁邪褟 谐械屑邪褌芯屑邪	diagnosis
intracerebral hemorrhage	胁薪褍褌褉懈屑芯蟹谐芯胁芯械 泻褉芯胁芯懈蟹谢懈褟薪懈械	diagnosis
intraventricular hemorrhage	胁薪褍褌褉懈卸械谢褍写芯褔泻芯胁芯械 泻褉芯胁芯懈蟹谢懈褟薪懈械	diagnosis
irritable bowel syndrome	褋懈薪写褉芯屑 褉邪蟹写褉邪卸械薪薪芯谐芯 泻懈褕械褔薪懈泻邪	diagnosis
jaundice	卸械谢褌褍褏邪	diagnosis
kidney damage	锌芯褉邪卸械薪懈械 锌芯褔械泻	diagnosis
kidney disease	蟹邪斜芯谢械胁邪薪懈械 锌芯褔械泻	diagnosis
kidney disease	蟹邪斜芯谢械胁邪薪懈褟 锌芯褔械泻	diagnosis
kidney failure	锌芯褔械褔薪邪褟 薪械写芯褋褌邪褌芯褔薪芯褋褌褜	diagnosis
kidney failure	芯褌泻邪蟹 锌芯褔械泻	diagnosis
kidney stones	泻邪屑薪懈 胁 锌芯褔泻邪褏	diagnosis
lack of oxygen during birth	薪械写芯褋褌邪褌芯泻 泻懈褋谢芯褉芯写邪 胁芯 胁褉械屑褟 褉芯写芯胁	diagnosis
latent infection	谢邪褌械薪褌薪邪褟 褎芯褉屑邪	diagnosis
latex allergy	邪谢谢械褉谐懈褟 薪邪 谢邪褌械泻褋	diagnosis
lead poisoning	芯褌褉邪胁谢械薪懈械 褋胁懈薪褑芯屑	diagnosis
leukemia	谢械泄泻械屑懈褟	diagnosis
liver failure	芯褌泻邪蟹 锌械褔械薪懈	diagnosis
long term problems	写芯谢谐芯褋褉芯褔薪褘械 锌褉芯斜谢械屑褘 褋芯 蟹写芯褉芯胁褜械屑	diagnosis
low back pain	斜芯谢褜 胁 锌芯褟褋薪懈褑械	diagnosis
low blood sugar	薪懈蟹泻芯械 褋芯写械褉卸邪薪懈械 褋邪褏邪褉邪 胁 泻褉芯胁懈	diagnosis
lung cancer	褉邪泻 谢械谐泻懈褏	diagnosis
lung disease	谢械谐芯褔薪芯械 蟹邪斜芯谢械胁邪薪懈械	diagnosis
lung diseases	蟹邪斜芯谢械胁邪薪懈褟 谢械谐泻懈褏	diagnosis
lung infection	谢械谐芯褔薪邪褟 懈薪褎械泻褑懈褟	diagnosis
lupus	胁芯谢褔邪薪泻邪	diagnosis
lymphoma	谢懈屑褎芯屑邪	diagnosis
malignant tumors	蟹谢芯泻邪褔械褋褌胁械薪薪褘械 芯锌褍褏芯谢懈	diagnosis
measles	泻芯褉褜	diagnosis
medical problems	蟹邪斜芯谢械胁邪薪懈褟	diagnosis
melanoma	屑械谢邪薪芯屑邪	diagnosis
meningococcal	屑械薪懈薪谐芯泻芯泻	diagnosis
menopause	屑械薪芯锌邪褍蟹邪	diagnosis
mental retardation	褍屑褋褌胁械薪薪邪褟 芯褌褋褌邪谢芯褋褌褜	diagnosis
metastasis	屑械褌邪褋褌邪蟹懈褉芯胁邪薪懈械	diagnosis
metastasis	屑械褌邪褋褌邪蟹褘	diagnosis
methicillin resistant staphylococcus aureus	屑械褌懈褑懈谢谢懈薪褉械蟹懈褋褌械薪褌薪褘泄 蟹芯谢芯褌懈褋褌褘泄 褋褌邪褎懈谢芯泻芯泻泻	diagnosis
middle ear infection	胁芯褋锌邪谢械薪懈械 褋褉械写薪械谐芯 褍褏邪	diagnosis
migraine	屑懈谐褉械薪褜	diagnosis
migraine headache	屑懈谐褉械薪褜	diagnosis
mini stroke	屑懈泻褉芯懈薪褋褍谢褜褌	diagnosis
miscarriage	胁褘泻懈写褘褕	diagnosis
mixed incontinence	褋屑械褕邪薪薪芯械 薪械写械褉卸邪薪懈械	diagnosis
mouth infection	懈薪褎械泻褑懈褟 褉芯褌芯胁芯泄 锌芯谢芯褋褌懈	diagnosis
mrsa	屑褉蟹褋	diagnosis
multi-infarct dementia	屑褍谢褜褌懈懈薪褎邪褉泻褌薪邪褟 写械屑械薪褑懈褟	diagnosis
mumps	锌邪褉芯褌懈褌	diagnosis
myocardial infarction	懈薪褎邪褉泻褌 屑懈芯泻邪褉写邪	diagnosis
narcolepsy	薪邪褉泻芯谢械锌褋懈褟	diagnosis
narrowed blood vessels	褋褍卸械薪薪褘械 泻褉芯胁械薪芯褋薪褘械 褋芯褋褍写褘	diagnosis
nephropathy	薪械褎褉芯锌邪褌懈褟	diagnosis
nerve damage	锌芯褉邪卸械薪懈械 薪械褉胁薪褘褏 芯泻芯薪褔邪薪懈泄	diagnosis
nerve injury	锌芯胁褉械卸写械薪懈械 薪械褉胁芯胁	diagnosis
neutropenia	薪械泄褌褉芯锌械薪懈褟	diagnosis
neutropenia	薪械泄褌褉芯锌械薪懈械泄	diagnosis
night terrors	薪芯褔薪褘械 褋褌褉邪褏懈	diagnosis
non-hodgkin's lymphoma	薪械褏芯写卸泻懈薪褋泻邪褟 谢懈屑褎芯屑邪	diagnosis
non-small cell lung cancer	薪械屑械谢泻芯泻谢械褌芯褔薪褘泄 褉邪泻 谢械谐泻芯谐芯	diagnosis
obstructive sleep apnea	褋懈薪写褉芯屑 芯斜褋褌褉褍泻褌懈胁薪芯谐芯 邪锌薪芯褝	diagnosis
orthostatic hypotension	芯褉褌芯褋褌邪褌懈褔械褋泻邪褟 谐懈锌芯褌械薪蟹懈褟	diagnosis
osteoarthritis	芯褋褌械芯邪褉褌褉懈褌	diagnosis
osteoporosis	芯褋褌械芯锌芯褉芯蟹	diagnosis
otitis media	褋褉械写薪懈泄 芯褌懈褌	diagnosis
ovarian cancer	褉邪泻 褟懈褔薪懈泻芯胁	diagnosis
overactive bladder	谐懈锌械褉邪泻褌懈胁薪褘泄 屑芯褔械胁芯泄 锌褍蟹褘褉褜	diagnosis
overactive gland	锌芯胁褘褕械薪薪邪褟 邪泻褌懈胁薪芯褋褌褜 卸械谢械蟹褘	diagnosis
overdose	锌械褉械写芯蟹懈褉芯胁泻邪	diagnosis
overflow incontinence	薪械写械褉卸邪薪懈械 胁褋谢械写褋褌胁懈械 锌械褉械锌芯谢薪械薪懈褟	diagnosis
pandemic flu	锌邪薪写械屑懈褔械褋泻懈泄 谐褉懈锌锌	diagnosis
pandemic flu	锌邪薪写械屑懈褟 谐褉懈锌锌邪	diagnosis
parkinson's disease	斜芯谢械蟹薪褜 锌邪褉泻懈薪褋芯薪邪	diagnosis
pediculosis	锌械写懈泻褍谢械蟹	diagnosis
pelvic inflammatory disease	胁芯褋锌邪谢械薪懈械 褌邪蟹芯胁褘褏 芯褉谐邪薪芯胁	diagnosis
peripheral artery disease	蟹邪斜芯谢械胁邪薪懈褟 锌械褉懈褎械褉懈褔械褋泻懈褏 邪褉褌械褉懈泄	diagnosis
peripheral neuropathy	锌械褉懈褎械褉懈褔械褋泻邪褟 薪械胁褉芯锌邪褌懈褟	diagnosis
peripheral vascular disease	蟹邪斜芯谢械胁邪薪懈褟 锌械褉懈褎械褉懈褔械褋泻懈褏 褋芯褋褍写芯胁	diagnosis
permanent brain damage	薪械芯斜褉邪褌懈屑芯械 锌芯胁褉械卸写械薪懈械 屑芯蟹谐邪	diagnosis
pertussis	泻芯泻谢褞褕	diagnosis
plugged duct	蟹邪泻褍锌芯褉泻邪 屑芯谢芯褔薪褘褏 锌褉芯褌芯泻芯胁	diagnosis
pneumonia	锌薪械胁屑芯薪懈褟	diagnosis
polio	锌芯谢懈芯屑懈械谢懈褌	diagnosis
polyps	锌芯谢懈锌褘	diagnosis
postpartum depression	锌芯褋谢械褉芯写芯胁邪褟 写械锌褉械褋褋懈褟	diagnosis
pre-eclampsia	锌褉械褝泻谢邪屑锌褋懈褟	diagnosis
prediabetes	锌褉械写写懈邪斜械褌	diagnosis
preeclampsia	锌褉械褝泻谢邪屑锌褋懈褟	diagnosis
pregnancy	斜械褉械屑械薪薪芯褋褌褜	diagnosis
premature	薪械写芯薪芯褕械薪薪褘泄	diagnosis
preterm labor	锌褉械卸写械胁褉械屑械薪薪褘械 褉芯写褘	diagnosis
puncture wound	泻芯谢芯褌邪褟 褉邪薪邪	diagnosis
rabies	斜械褕械薪褋褌胁芯	diagnosis
renal failure	锌芯褔械褔薪邪褟 薪械写芯褋褌邪褌芯褔薪芯褋褌褜	diagnosis
respiratory infection	褉械褋锌懈褉邪褌芯褉薪邪褟 懈薪褎械泻褑懈褟	diagnosis
restless leg syndrome	褋懈薪写褉芯屑 斜械褋锌芯泻芯泄薪褘褏 薪芯谐	diagnosis
retinopathy	褉械褌懈薪芯锌邪褌懈褟	diagnosis
reye's syndrome	褋懈薪写褉芯屑 褉械褟	diagnosis
rheumatoid arthritis	褉械胁屑邪褌芯懈写薪褘泄 邪褉褌褉懈褌	diagnosis
rotator cuff injury	褌褉邪胁屑邪 屑褘褕褑-胁褉邪褖邪褌械谢械泄 锌谢械褔邪	diagnosis
rotavirus	褉芯褌邪胁懈褉褍褋	diagnosis
rubella	泻褉邪褋薪褍褏邪	diagnosis
sarcoma	褋邪褉泻芯屑邪	diagnosis
scleroderma	褋泻谢械褉芯写械褉屑懈褟	diagnosis
seasonal flu	褋械蟹芯薪薪褘泄 谐褉懈锌锌	diagnosis
seizures	锌褉懈锌邪写泻懈	diagnosis
sexually transmitted infection	懈薪褎械泻褑懈褟, 锌械褉械写邪胁邪械屑邪褟 锌芯谢芯胁褘屑 锌褍褌械屑	diagnosis
sexually transmitted infections	胁械薪械褉懈褔械褋泻懈械 蟹邪斜芯谢械胁邪薪懈褟	diagnosis
shaken baby syndrome	褋懈薪写褉芯屑 写械褌褋泻芯谐芯 褋芯褌褉褟褋械薪懈褟	diagnosis
shaken baby syndrome	褋懈薪写褉芯屑 胁褋褌褉褟褏懈胁邪薪懈褟 屑谢邪写械薪褑邪	diagnosis
shingles	芯锌芯褟褋褘胁邪褞褖懈泄 谐械褉锌械褋	diagnosis
sickle cell anemia	褋械褉锌芯胁懈写薪芯-泻谢械褌芯褔薪邪褟 邪薪械屑懈褟	diagnosis
sickle-cell disease	褋械褉锌芯胁懈写薪芯泻谢械褌芯褔薪邪褟 邪薪械屑懈褟	diagnosis
sids	褋写褋屑	diagnosis
sids	褋懈薪写褉芯屑 胁薪械蟹邪锌薪芯泄 写械褌褋泻芯泄 褋屑械褉褌懈	diagnosis
silent strokes	褌懈褏懈械 懈薪褋褍谢褜褌褘	diagnosis
sinus problems	锌褉芯斜谢械屑褘 褋 薪芯褋芯胁褘屑懈 锌邪蟹褍褏邪屑懈	diagnosis
skin cancer	褉邪泻 泻芯卸懈	diagnosis
skin infection	懈薪褎械泻褑懈褟 泻芯卸懈	diagnosis
skin infections	泻芯卸薪褘械 懈薪褎械泻褑懈懈	diagnosis
skull fracture	锌械褉械谢芯屑 泻芯褋褌械泄 褔械褉械锌邪	diagnosis
sleep apnea	褋懈薪写褉芯屑 邪锌薪芯褝	diagnosis
sleep disorders	褉邪褋褋褌褉芯泄褋褌胁邪 褋薪邪	diagnosis
sleepwalking	谢褍薪邪褌懈蟹屑	diagnosis
small cell lung cancer	屑械谢泻芯泻谢械褌芯褔薪褘泄 褉邪泻 谢械谐泻芯谐芯	diagnosis
smallpox	芯褋锌邪	diagnosis
sore throat	邪薪谐懈薪邪	diagnosis
sore throat	褎邪褉懈薪谐懈褌	diagnosis
sprain	褉邪褋褌褟卸械薪懈械	diagnosis
squamous cell carcinoma	锌谢芯褋泻芯泻谢械褌芯褔薪邪褟 泻邪褉褑懈薪芯屑邪	diagnosis
sti	懈锌锌锌	diagnosis
strep throat	褋褌褉械锌褌芯泻芯泻泻芯胁邪褟 懈薪褎械泻褑懈褟	diagnosis
stress incontinence	褋褌褉械褋褋芯胁芯械 薪械写械褉卸邪薪懈械	diagnosis
stroke	懈薪褋褍谢褜褌	diagnosis
subarachnoid hemorrhage	褋褍斜邪褉邪褏薪芯懈写邪谢褜薪芯械 泻褉芯胁芯懈蟹谢懈褟薪懈械	diagnosis
subdural hematoma	褋褍斜写褍褉邪谢褜薪邪褟 谐械屑邪褌芯屑邪	diagnosis
sudden infant death syndrome	褋懈薪写褉芯屑 胁薪械蟹邪锌薪芯泄 写械褌褋泻芯泄 褋屑械褉褌懈	diagnosis
syphilis	褋懈褎懈谢懈褋	diagnosis
tb	褌斜	diagnosis
tetanus	褋褌芯谢斜薪褟泻	diagnosis
throat injury	褌褉邪胁屑邪 谐芯褉谢邪	diagnosis
thyroid disease	蟹邪斜芯谢械胁邪薪懈褟 褖懈褌芯胁懈写薪芯泄 卸械谢械蟹褘	diagnosis
tia	褌懈邪	diagnosis
tooth decay	泻邪褉懈械褋	diagnosis
transient ischemic attack	褌褉邪薪蟹懈褌芯褉薪邪褟 懈褕械屑懈褔械褋泻邪褟 邪褌邪泻邪	diagnosis
traumatic brain injury	褔械褉械锌薪芯-屑芯蟹谐芯胁邪褟 褌褉邪胁屑邪	diagnosis
trichomoniasis	褌褉懈褏芯屑芯薪邪写薪褘泄 胁邪谐懈薪懈褌	diagnosis
tuberculosis	褌褍斜械褉泻褍谢械蟹	diagnosis
type 1 diabetes	写懈邪斜械褌 1-谐芯 褌懈锌邪	diagnosis
type 1 diabetes	写懈邪斜械褌 1 褌懈锌邪	diagnosis
type 2 diabetes	写懈邪斜械褌 2-谐芯 褌懈锌邪	diagnosis
type 2 diabetes	写懈邪斜械褌 褌懈锌邪 2	diagnosis
ulcerative colitis	褟蟹胁械薪薪褘泄 泻芯谢懈褌	diagnosis
urge incontinence	褍褉谐械薪褌薪芯械 薪械写械褉卸邪薪懈械	diagnosis
urinary incontinence	薪械写械褉卸邪薪懈械 屑芯褔懈	diagnosis
urinary tract infection	懈薪褎械泻褑懈褟 屑芯褔械懈褋锌褍褋泻邪褌械谢褜薪芯谐芯 泻邪薪邪谢邪	diagnosis
urinary tract infection	懈薪褎械泻褑懈褟 屑芯褔械胁褘胁芯写褟褖懈褏 锌褍褌械泄	diagnosis
uti	懈屑锌	diagnosis
vaginal atrophy	邪褌褉芯褎懈褟 胁谢邪谐邪谢懈褖邪	diagnosis
vaginal infection	胁邪谐懈薪邪谢褜薪邪褟 懈薪褎械泻褑懈褟	diagnosis
vaginal infections	胁邪谐懈薪邪谢褜薪褘械 懈薪褎械泻褑懈懈	diagnosis
vaginitis	胁邪谐懈薪懈褌	diagnosis
varicella	胁械褌褉褟薪邪褟 芯褋锌邪	diagnosis
vascular dementia	胁邪褋泻褍谢褟褉薪邪褟 写械屑械薪褑懈褟	diagnosis
viral infection	胁懈褉褍褋薪邪褟 懈薪褎械泻褑懈褟	diagnosis
vitamin d deficiency	写械褎懈褑懈褌 胁懈褌邪屑懈薪邪 d	diagnosis
yeast infection	屑芯谢芯褔薪懈褑邪	diagnosis
yeast infection	写褉芯卸卸械胁邪褟 懈薪褎械泻褑懈褟	diagnosis
yellow fever	卸褢谢褌邪褟 谢懈褏芯褉邪写泻邪	diagnosis
acetaminophen	邪褑械褌邪屑懈薪芯褎械薪	medication
acetaminophen	邪褑械褌芯屑懈薪芯褎械薪	medication
alcohol	邪谢泻芯谐芯谢褜	medication
alcohol-based hand sanitizer	写械蟹懈薪褎懈褑懈褉褍褞褖械械 褋褉械写褋褌胁芯 写谢褟 褉褍泻 褋 褋芯写械褉卸邪薪懈械屑 褋锌懈褉褌邪	medication
antacids	邪薪褌邪褑懈写褘	medication
anthrax vaccine	胁邪泻褑懈薪邪 锌褉芯褌懈胁 褋懈斜懈褉褋泻芯泄 褟蟹胁褘	medication
anti-seizure medicine	锌褉芯褌懈胁芯褋褍写芯褉芯卸薪褘械 锌褉械锌邪褉邪褌褘	medication
antibiotic	邪薪褌懈斜懈芯褌懈泻	medication
antibiotic cream	屑邪蟹褜 褋 邪薪褌懈斜懈芯褌懈泻芯屑	medication
antibiotic cream	泻褉械屑 褋 邪薪褌懈屑懈泻褉芯斜薪褘屑 写械泄褋褌胁懈械屑	medication
antibiotic medicine	邪薪褌懈斜懈芯褌懈泻	medication
antibiotic medicine	邪薪褌懈斜懈芯褌懈泻懈	medication
antibiotic ointment	屑邪蟹褜 褋 邪薪褌懈屑懈泻褉芯斜薪褘屑 写械泄褋褌胁懈械屑	medication
antibiotics	邪薪褌懈斜懈芯褌懈泻懈	medication
anticoagulant	邪薪褌懈泻芯邪谐褍谢褟薪褌褘	medication
antidepressants	邪薪褌懈写械锌褉械褋褋邪薪褌褘	medication
antihistamine	邪薪褌懈谐懈褋褌邪屑懈薪薪褘泄 锌褉械锌邪褉邪褌	medication
antiviral medicines	锌褉芯褌懈胁芯胁懈褉褍褋薪褘械 锌褉械锌邪褉邪褌褘	medication
aspart insulin	懈薪褋褍谢懈薪 邪褋锌邪褉褌	medication
aspartame	邪褋锌邪褉褌邪屑	medication
aspirin	邪褋锌懈褉懈薪	medication
barium mixture	斜邪褉懈械胁邪褟 褋屑械褋褜	medication
birth control	锌褉芯褌懈胁芯蟹邪褔邪褌芯褔薪褘械 褋褉械写褋褌胁邪	medication
birth control pills	锌褉芯褌懈胁芯蟹邪褔邪褌芯褔薪褘械 褌邪斜谢械褌泻懈	medication
bisacodyl	斜懈褋邪泻芯写懈谢	medication
biscodyl	斜懈褋邪泻芯写懈谢	medication
black cohosh	泻谢芯锌芯谐芯薪 泻懈褋褌械胁懈写薪褘泄	medication
blood pressure medicine	谢械泻邪褉褋褌胁芯 芯褌 锌芯胁褘褕械薪薪芯谐芯 邪褉褌械褉懈邪谢褜薪芯谐芯 写邪胁谢械薪懈褟	medication
blood pressure medicine	谢械泻邪褉褋褌胁芯 写谢褟 褋薪懈卸械薪懈褟 写邪胁谢械薪懈褟	medication
blood pressure medicine	谢械泻邪褉褋褌胁芯, 薪芯褉屑邪谢懈蟹褍褞褖械械 泻褉芯胁褟薪芯械 写邪胁谢械薪懈械	medication
blood pressure medicines	谢械泻邪褉褋褌胁邪 芯褌 泻褉芯胁褟薪芯谐芯 写邪胁谢械薪懈褟	medication
blood thinner	谢械泻邪褉褋褌胁邪 写谢褟 褉邪蟹卸懈卸械薪懈褟 泻褉芯胁懈	medication
blood thinner medicine	锌褉械锌邪褉邪褌, 褉邪蟹卸懈卸邪褞褖懈泄 泻褉芯胁褜	medication
blood thinners	锌褉械锌邪褉邪褌褘, 褉邪蟹卸懈卸邪褞褖懈械 泻褉芯胁褜	medication
blood thinners	谢械泻邪褉褋褌胁邪 写谢褟 褉邪蟹卸懈卸械薪懈褟 泻褉芯胁懈	medication
blood-thinning medication	谢械泻邪褉褋褌胁邪 写谢褟 褉邪蟹卸懈卸械薪懈褟 泻褉芯胁懈	medication
bone cement	泻芯褋褌薪褘泄 褑械屑械薪褌	medication
brand name medicine	褎懈褉屑械薪薪褘泄 锌褉械锌邪褉邪褌	medication
breast milk	谐褉褍写薪芯械 屑芯谢芯泻芯	medication
breathing medicines	谢械泻邪褉褋褌胁邪 写谢褟 芯褉谐邪薪芯胁 写褘褏邪薪懈褟	medication
bulk laxative	褋谢邪斜懈褌械谢褜薪芯械, 褍胁械谢懈褔懈胁邪褞褖械械 芯斜褗械屑	medication
caffeine	泻芯褎械懈薪	medication
calcium	泻邪谢褜褑懈泄	medication
calcium supplement	泻邪谢褜褑懈泄	medication
calcium supplement	泻邪谢褜褑懈泄褋芯写械褉卸邪褖懈泄 锌褉械锌邪褉邪褌	medication
calcium supplements	锌褉械锌邪褉邪褌褘 泻邪谢褜褑懈褟	medication
cephalexin	褑械褎邪谢械泻褋懈薪	medication
chemotherapy medicines	褏懈屑懈芯褌械褉邪锌械胁褌懈褔械褋泻懈械 锌褉械锌邪褉邪褌褘	medication
chg soap	屑褘谢芯 褋 褏谐谐	medication
children's tylenol	写械褌褋泻懈泄 褌邪泄谢械薪芯谢	medication
chlorhexidine gluconate	褏谢芯褉谐械泻褋懈写懈薪邪 斜懈谐谢褞泻芯薪邪褌	medication
chlorhexidine gluconate	褏谢芯褉谐械泻褋懈写懈薪邪 谐谢褞泻芯薪邪褌	medication
chlorhexidine gluconate	褏谢芯褉谐械泻褋懈写懈薪 谐谢褞泻芯薪邪褌	medication
ciprofloxacin	褑懈锌褉芯褎谢芯泻褋邪褑懈薪	medication
citrucel	褑懈褌褉褍褑械谢	medication
clonidine	泻谢芯褎械谢懈薪	medication
contrast	泻芯薪褌褉邪褋褌薪芯械 胁械褖械褋褌胁芯	medication
contrast medicine	泻芯薪褌褉邪褋褌薪芯械 胁械褖械褋褌胁芯	medication
corticosteroids	泻芯褉褌懈泻芯褋褌械褉芯懈写褘	medication
cough medicine	谢械泻邪褉褋褌胁芯 芯褌 泻邪褕谢褟	medication
coumadin	泻褍屑邪写懈薪	medication
detemer	写械褌械屑械褉	medication
diabetes medicine	写懈邪斜械褌懈褔械褋泻懈械 谢械泻邪褉褋褌胁邪	medication
diabetes medicines	谢械泻邪褉褋褌胁邪 芯褌 写懈邪斜械褌邪	medication
diabetes pills	褌邪斜谢械褌泻懈 芯褌 写懈邪斜械褌邪	medication
dialysate	写懈邪谢懈蟹邪褌	medication
dimenhydrinate	写懈屑械薪谐懈写褉懈薪邪褌	medication
dong quai	写褟谐械谢褜 谢械泻邪褉褋褌胁械薪薪褘泄	medication
dopamine	写芯褎邪屑懈薪	medication
doxycycline	写芯泻褋懈褑懈泻谢懈薪	medication
doxylamine	写芯泻褋懈谢邪屑懈薪	medication
dtap	邪泻写褋	medication
dulcolax	dulcolax	medication
dulcolax	写褍谢褜泻芯谢邪泻褋	medication
electrolyte drinks	薪邪锌懈褌泻懈 褋 褋芯写械褉卸邪薪懈械屑 褝谢械泻褌褉芯谢懈褌芯胁	medication
electrolytes	褝谢械泻褌褉芯谢懈褌褘	medication
estrogen cream	胁邪谐懈薪邪谢褜薪褘泄 泻褉械屑 褋 褝褋褌褉芯谐械薪芯屑	medication
estrogen ring	胁邪谐懈薪邪谢褜薪芯械 泻芯谢褜褑芯 褋 褝褋褌褉芯谐械薪芯屑	medication
estrogen tablet	胁邪谐懈薪邪谢褜薪邪褟 褌邪斜谢械褌泻邪 褋 褝褋褌褉芯谐械薪芯屑	medication
eye drops	谐谢邪蟹薪褘械 泻邪锌谢懈	medication
fever reducing medicine	卸邪褉芯锌芯薪懈卸邪褞褖械械 谢械泻邪褉褋褌胁芯	medication
fever-reducing medicine	卸邪褉芯锌芯薪懈卸邪褞褖懈械 锌褉械锌邪褉邪褌褘	medication
fiber supplements	写芯斜邪胁泻懈 褋 泻谢械褌褔邪褌泻芯泄	medication
fiberall	褎邪泄斜械褉芯谢	medication
flu vaccine	锌褉懈胁懈胁泻邪 芯褌 谐褉懈锌锌邪	medication
folic acid	褎芯谢懈械胁邪褟 泻懈褋谢芯褌邪	medication
formula	屑芯谢芯褔薪邪褟 褋屑械褋褜	medication
gabapentin	谐邪斜邪锌械薪褌懈薪	medication
generic medicine	写卸械薪械褉懈泻	medication
ginseng	卸械薪褜褕械薪褜	medication
glargine	谐谢邪褉谐懈薪	medication
glucagon	谐谢褞泻邪谐芯薪	medication
glucophage	谐谢褞泻芯褎邪卸	medication
glucose tablets	褌邪斜谢械褌泻懈 谐谢褞泻芯蟹褘	medication
hand sanitizer	写械蟹懈薪褎懈褑懈褉褍褞褖械械 褋褉械写褋褌胁芯 写谢褟 褉褍泻	medication
heart medicines	褋械褉写械褔薪褘械 谢械泻邪褉褋褌胁邪	medication
heparin	谐械锌邪褉懈薪	medication
hib	hib	medication
home remedies	薪邪褉芯写薪褘械 褋褉械写褋褌胁邪	medication
hpv vaccine	胁邪泻褑懈薪邪 锌褉芯褌懈胁 胁锌褔	medication
humalog	humalog	medication
ibuprofen	懈斜褍锌褉芯褎械薪	medication
immunizations	懈屑屑褍薪懈蟹邪褑懈褟	medication
infant formula	写械褌褋泻邪褟 褋屑械褋褜	medication
inhalers	懈薪谐邪谢褟褌芯褉褘	medication
insulin	懈薪褋褍谢懈薪	medication
insulin pen	懈薪褋褍谢懈薪芯胁褘泄 褕锌褉懈褑	medication
insulin shots	褍泻芯谢褘 懈薪褋褍谢懈薪邪	medication
iodine solution	褉邪褋褌胁芯褉 泄芯写邪	medication
iron rich baby formula	屑芯谢芯褔薪邪褟 褋屑械褋褜, 芯斜芯谐邪褖械薪薪邪褟 卸械谢械蟹芯屑	medication
iron tablets	卸械谢械蟹芯褋芯写械褉卸邪褖懈械 褌邪斜谢械褌泻懈	medication
iv contrast	胁薪褍褌褉懈胁械薪薪芯械 泻芯薪褌褉邪褋褌薪芯械 胁械褖械褋褌胁芯	medication
lanolin	谢邪薪芯谢懈薪	medication
lantus	lantus	medication
laxative	褋谢邪斜懈褌械谢褜薪芯械	medication
laxatives	褋谢邪斜懈褌械谢褜薪褘械	medication
levemir	levemir	medication
lice cream	泻褉械屑 芯褌 胁褕械泄	medication
lice lotion	谢芯褋褜芯薪 芯褌 胁褕械泄	medication
lip balm	褍胁谢邪卸薪褟褞褖懈泄 斜邪谢褜蟹邪屑 写谢褟 谐褍斜	medication
lip balm	斜邪谢褜蟹邪屑 写谢褟 谐褍斜	medication
liquid concentrate formula	卸懈写泻邪褟 泻芯薪褑械薪褌褉懈褉芯胁邪薪薪邪褟 褋屑械褋褜	medication
liquid medicine	卸懈写泻芯械 谢械泻邪褉褋褌胁芯	medication
lispro insulin	懈薪褋褍谢懈薪 谢懈褋锌褉芯	medication
local anesthetic	屑械褋褌薪邪褟 邪薪械褋褌械蟹懈褟	medication
lung medicine	谢械泻邪褉褋褌胁邪 写谢褟 谢械谐泻懈褏	medication
magnesium citrate	褑懈褌褉邪褌 屑邪谐薪懈褟	medication
medicated lice shampoo	褕邪屑锌褍薪褜 芯褌 胁褕械泄	medication
medicine	谢械泻邪褉褋褌胁邪	medication
medicine dose	写芯蟹懈褉芯胁泻邪 屑械写懈泻邪屑械薪褌邪	medication
medicines	谢械泻邪褉褋褌胁邪	medication
metamucil	屑械褌邪屑褍褑懈谢	medication
metformin	屑械褌褎芯褉屑懈薪	medication
miralax	屑懈褉邪谢邪泻褋	medication
miralax	miralax	medication
mmr	mmr	medication
morphine	屑芯褉褎懈薪	medication
mouthwash	芯锌芯谢邪褋泻懈胁邪褌械谢褜 写谢褟 锌芯谢芯褋褌懈 褉褌邪	medication
multivitamin supplement	锌芯谢懈胁懈褌邪屑懈薪褘 懈 屑懈薪械褉邪谢褜薪褘械 写芯斜邪胁泻懈	medication
naloxone	薪邪谢芯泻褋芯薪	medication
naproxen	薪邪锌褉芯泻褋械薪	medication
nasal spray	薪邪蟹邪谢褜薪褘泄 褋锌褉械泄	medication
neosporin	薪械芯褋锌芯褉懈薪	medication
nicotine patch	薪懈泻芯褌懈薪芯胁褘泄 锌谢邪褋褌褘褉褜	medication
nitroglycerin	薪懈褌褉芯谐谢懈褑械褉懈薪	medication
nitroglycerin patch	薪懈褌褉芯谐谢懈褑械褉懈薪芯胁褘泄 锌谢邪褋褌褘褉褜	medication
nitroglycerin spray	褋锌褉械泄 薪懈褌褉芯谐谢懈褑械褉懈薪邪	medication
nitroglycerin tablet	褌邪斜谢械褌泻邪 薪懈褌褉芯谐谢懈褑械褉懈薪邪	medication
novolog	novolog	medication
nph insulin	懈薪褋褍谢懈薪 nph	medication
nsaids	薪械褋褌械褉芯懈写薪褘械 锌褉芯褌懈胁芯胁芯褋锌邪谢懈褌械谢褜薪褘械 锌褉械锌邪褉邪褌褘	medication
numbing medicine	芯斜械蟹斜芯谢懈胁邪褞褖械械 褋褉械写褋褌胁芯	medication
numbing medicine	谢械泻邪褉褋褌胁芯, 胁褘蟹褘胁邪褞褖械械 芯薪械屑械薪懈械	medication
numbing medicine	褋锌褉械泄, 胁褘蟹褘胁邪褞褖懈泄 芯薪械屑械薪懈械	medication
numbing medicine	芯斜械蟹斜芯谢懈胁邪褞褖械械 谢械泻邪褉褋褌胁芯	medication
numbing medicine	芯斜械蟹斜芯谢懈胁邪褞褖械械	medication
ointment	屑邪蟹褜	medication
opioid	芯锌懈芯懈写	medication
over the counter pain medicine	斜械蟹褉械褑械锌褌褍褉薪褘械 芯斜械蟹斜芯谢懈胁邪褞褖懈械 谢械泻邪褉褋褌胁邪	medication
over-the-counter medicines	谢械泻邪褉褋褌胁械薪薪褘械 锌褉械锌邪褉邪褌褘, 芯锌褍褋泻邪械屑褘械 斜械蟹 褉械褑械锌褌邪	medication
oxygen	泻懈褋谢芯褉芯写	medication
oxygen therapy	泻懈褋谢芯褉芯写	medication
pain medicine	芯斜械蟹斜芯谢懈胁邪褞褖械械 谢械泻邪褉褋褌胁芯	medication
pain medicine	芯斜械蟹斜芯谢懈胁邪褞褖懈械 谢械泻邪褉褋褌胁邪	medication
pain medicine	芯斜械蟹斜芯谢懈胁邪褞褖械械 褋褉械写褋褌胁芯	medication
pain medicine	芯斜械蟹斜芯谢懈胁邪褞褖懈泄 锌褉械锌邪褉邪褌	medication
pain medicine	芯斜械蟹斜芯谢懈胁邪褞褖械械	medication
pain medicines	芯斜械蟹斜芯谢懈胁邪褞褖懈械	medication
paroxetine	锌邪褉芯泻褋械褌懈薪	medication
pcv13	pcv13	medication
penicillin	锌械薪懈褑懈谢谢懈薪	medication
permethrin	锌械褉屑械褌褉懈薪	medication
piperonyl butoxide	锌懈锌械褉芯薪懈谢 斜褍褌芯泻褋懈写	medication
pneumococcal conjugate	锌薪械胁屑芯泻芯泻泻芯胁邪褟 泻芯薪褗褞谐懈褉芯胁邪薪薪邪褟 胁邪泻褑懈薪邪	medication
pneumococcal polysaccharide	锌薪械胁屑芯泻芯泻泻芯胁邪褟 锌芯谢懈褋邪褏邪褉懈写薪邪褟 胁邪泻褑懈薪邪	medication
pneumonia vaccine	胁邪泻褑懈薪邪褑懈褟 芯褌 锌薪械胁屑芯薪懈懈	medication
polyethylene glycol	锌芯谢懈褝褌懈谢械薪谐谢懈泻芯谢褜	medication
powdered formula	褋褍褏邪褟 褋屑械褋褜	medication
ppsv23	ppsv23	medication
prenatal vitamin	胁懈褌邪屑懈薪褘 写谢褟 斜械褉械屑械薪薪褘褏	medication
prenatal vitamins	胁懈褌邪屑懈薪褘 写谢褟 斜械褉械屑械薪薪褘褏	medication
prescription medicine	锌褉械锌邪褉邪褌 锌芯 褉械褑械锌褌褍	medication
prescription medicines	谢械泻邪褉褋褌胁械薪薪褘械 锌褉械锌邪褉邪褌褘, 芯褌锌褍褋泻邪械屑褘械 锌芯 褉械褑械锌褌褍	medication
progestin	锌褉芯谐械褋褌懈薪	medication
protein supplement	斜械谢泻芯胁褘械 写芯斜邪胁泻懈	medication
radioactive iodine	褉邪写懈芯邪泻褌懈胁薪褘泄 泄芯写	medication
radioactive medicine	褉邪写懈芯邪泻褌懈胁薪芯械 胁械褖械褋褌胁芯	medication
ready to feed formula	谐芯褌芯胁邪褟 褋屑械褋褜	medication
saccharin	褋邪褏邪褉懈薪	medication
salt substitute	蟹邪屑械薪懈褌械谢褜 褋芯谢懈	medication
seasonal flu vaccine	胁邪泻褑懈薪邪 锌褉芯褌懈胁 褋械蟹芯薪薪芯谐芯 谐褉懈锌锌邪	medication
sedative	褍褋锌芯泻芯懈褌械谢褜薪芯械 褋褉械写褋褌胁芯	medication
sedative	褍褋锌芯泻芯懈褌械谢褜薪芯械	medication
sertraline	褋械褉褌褉邪谢懈薪	medication
sore throat lozenges	锌邪褋褌懈谢泻懈 芯褌 斜芯谢懈 胁 谐芯褉谢械	medication
steroid injections	懈薪褗械泻褑懈懈 褋褌械褉芯懈写芯胁	medication
steroids	褋褌械褉芯懈写褘	medication
stimulants	褋褌懈屑褍谢褟褌芯褉褘	medication
stool softener	褉邪蟹屑褟谐褔懈褌械谢褜 褋褌褍谢邪	medication
stool softener	褋谢邪斜懈褌械谢褜薪芯械	medication
stool softener	褋屑褟谐褔懈褌械谢褜 褋褌褍谢邪	medication
sucralose	褋褍泻褉邪谢芯蟹邪	medication
sulfa	褋褍谢褜褎邪屑懈写薪褘械 锌褉械锌邪褉邪褌褘	medication
sunscreen	褋芯谢薪褑械蟹邪褖懈褌薪褘泄 泻褉械屑	medication
testosterone creams	泻褉械屑 褋 褌械褋褌芯褋褌械褉芯薪芯屑	medication
tetanus vaccine	锌褉懈胁懈胁泻邪 芯褌 褋褌芯谢斜薪褟泻邪	medication
thyroid medicine	谢械泻邪褉褋褌胁邪 写谢褟 褖懈褌芯胁懈写薪芯泄 卸械谢械蟹褘	medication
topical medicine	屑械褋褌薪芯械 谢械泻邪褉褋褌胁芯	medication
tracer	泻芯薪褌褉邪褋褌薪芯械 胁械褖械褋褌胁芯	medication
vaccine	胁邪泻褑懈薪邪	medication
vaccines	胁邪泻褑懈薪褘	medication
venlafaxine	胁械薪谢邪褎邪泻褋懈薪	medication
vitamin a	胁懈褌邪屑懈薪 邪	medication
vitamin a	胁懈褌邪屑懈薪 a	medication
vitamin b complex	胁懈褌邪屑懈薪褘 谐褉褍锌锌褘 胁	medication
vitamin b6	胁懈褌邪屑懈薪 b6	medication
vitamin c	胁懈褌邪屑懈薪 褋	medication
vitamin d	胁懈褌邪屑懈薪 d	medication
vitamin d supplement	锌褉械锌邪褉邪褌 胁懈褌邪屑懈薪邪 d	medication
vitamin e	胁懈褌邪屑懈薪 械	medication
vitamins	胁懈褌邪屑懈薪褘	medication
warfarin	胁邪褉褎邪褉懈薪	medication
water-based lubricants	谐械谢懈-褋屑邪蟹泻懈 薪邪 胁芯写薪芯泄 芯褋薪芯胁械	medication
zinc	褑懈薪泻	medication
active ingredients	邪泻褌懈胁薪褘械 懈薪谐褉械写懈械薪褌褘	other_medical
advance directives	锌褉械写胁邪褉懈褌械谢褜薪褘械 褉邪褋锌芯褉褟卸械薪懈褟	other_medical
air bubbles	锌褍蟹褘褉褜泻懈 胁芯蟹写褍褏邪	other_medical
air pollution	蟹邪谐褉褟蟹薪械薪懈械 胁芯蟹写褍褏邪	other_medical
alcohol pad	褋锌懈褉褌芯胁邪褟 褋邪谢褎械褌泻邪	other_medical
alcohol-based hand sanitizer	褋锌懈褉褌芯胁芯械 写械蟹懈薪褎懈褑懈褉褍褞褖械械 褋褉械写褋褌胁芯	other_medical
amyloid plaques	邪屑懈谢芯懈写薪褘械 斜谢褟褕泻懈	other_medical
aneurysm clips	邪薪械胁褉懈蟹屑邪褌懈褔械褋泻懈械 泻谢懈锌褋褘	other_medical
antibodies	邪薪褌懈褌械谢邪	other_medical
appetite suppressant	锌芯写邪胁懈褌械谢褜 邪锌锌械褌懈褌邪	other_medical
artificial heart valve	懈褋泻褍褋褋褌胁械薪薪褘泄 泻谢邪锌邪薪 褋械褉写褑邪	other_medical
artificial joint	懈褋泻褍褋褋褌胁械薪薪褘泄 褋褍褋褌邪胁	other_medical
artificial kidney	懈褋泻褍褋褋褌胁械薪薪邪褟 锌芯褔泻邪	other_medical
asbestos	邪褋斜械褋褌	other_medical
assistive devices	胁褋锌芯屑芯谐邪褌械谢褜薪褘械 锌褉懈薪邪写谢械卸薪芯褋褌懈	other_medical
asthma triggers	邪谢谢械褉谐械薪褘	other_medical
baby food	写械褌褋泻芯械 锌懈褌邪薪懈械	other_medical
bacteria	斜邪泻褌械褉懈懈	other_medical
balloon	斜邪谢谢芯薪	other_medical
band-aid	锌谢邪褋褌褘褉褜	other_medical
battery-powered wheelchair	懈薪胁邪谢懈写薪芯械 泻褉械褋谢芯 薪邪 邪泻泻褍屑褍谢褟褌芯褉械	other_medical
biological emergency	斜懈芯谢芯谐懈褔械褋泻邪褟 泻邪褌邪褋褌褉芯褎邪	other_medical
blood cholesterol	褏芯谢械褋褌械褉懈薪	other_medical
blood clot	褌褉芯屑斜	other_medical
blood clot filter	泻邪胁邪-褎懈谢褜褌褉	other_medical
blood flow	泻褉芯胁芯褌芯泻	other_medical
blood flow	泻褉芯胁芯芯斜褉邪褖械薪懈械	other_medical
blood pressure cuff	屑邪薪卸械褌邪 写谢褟 懈蟹屑械褉械薪懈褟 写邪胁谢械薪懈褟	other_medical
booster seat	斜褍褋褌械褉	other_medical
bowel movements	写械褎械泻邪褑懈褟	other_medical
breast implants	谐褉褍写薪褘械 懈屑锌谢邪薪褌邪褌褘	other_medical
breast tissue expander	褌泻邪薪械胁褘械 褉邪褋褕懈褉懈褌械谢懈 谐褉褍写懈	other_medical
breastfeeding	谐褉褍写薪芯械 胁褋泻邪褉屑谢懈胁邪薪懈械	other_medical
breastmilk	谐褉褍写薪芯械 屑芯谢芯泻芯	other_medical
breastmilk	屑邪褌械褉懈薪褋泻芯械 屑芯谢芯泻芯	other_medical
brisk walking	斜褘褋褌褉邪褟 褏芯写褜斜邪	other_medical
carbon monoxide	褍谐邪褉薪褘泄 谐邪蟹	other_medical
carbon monoxide detector	写械褌械泻褌芯褉 褍谐邪褉薪芯谐芯 谐邪蟹邪	other_medical
chemical emergency	褏懈屑懈褔械褋泻邪褟 泻邪褌邪褋褌褉芯褎邪	other_medical
child safety seats	写械褌褋泻懈械 褋懈写械薪褜褟	other_medical
child's weight	胁械褋 褉械斜械薪泻邪	other_medical
cholesterol	褏芯谢械褋褌械褉懈薪	other_medical
clear liquid diet	写懈械褌邪 锌褉芯蟹褉邪褔薪褘褏 卸懈写泻芯褋褌械泄	other_medical
clear liquids	锌褉芯蟹褉邪褔薪褘械 卸懈写泻芯褋褌懈	other_medical
coil	泻邪褌褍褕泻邪	other_medical
condoms	锌褉械蟹械褉胁邪褌懈胁褘	other_medical
cool-mist humidifier	褉邪褋褋械懈胁邪褞褖懈泄 褍胁谢邪卸薪懈褌械谢褜 胁芯蟹写褍褏邪	other_medical
crutches	泻芯褋褌褘谢懈	other_medical
cyberbullying	泻懈斜械褉斜褍谢谢懈薪谐	other_medical
cycler	褑懈泻谢械褉	other_medical
dental floss	蟹褍斜薪邪褟 薪懈褌褜	other_medical
dentures	蟹褍斜薪褘械 锌褉芯褌械蟹褘	other_medical
dermatologist	写械褉屑邪褌芯谢芯谐	other_medical
dialysis machine	写懈邪谢懈蟹薪褘泄 邪锌锌邪褉邪褌	other_medical
diaphragm	胁谢邪谐邪谢懈褖薪邪褟 写懈邪褎褉邪谐屑邪	other_medical
dietitian	写懈械褌芯谢芯谐	other_medical
digestion	锌懈褖械胁邪褉械薪懈械	other_medical
digital thermometer	褝谢械泻褌褉芯薪薪褘泄 褌械褉屑芯屑械褌褉	other_medical
digital thermometer	褑懈褎褉芯胁芯泄 褌械褉屑芯屑械褌褉	other_medical
disinfectant cleaner	写械蟹懈薪褎懈褑懈褉褍褞褖械械 屑芯褞褖械械 褋褉械写褋褌胁芯	other_medical
disposable respirator	芯写薪芯褉邪蟹芯胁褘泄 褉械褋锌懈褉邪褌芯褉	other_medical
do not resuscitate order	褉邪褋锌芯褉褟卸械薪懈械 芯斜 芯褌泻邪蟹械 芯褌 褉械邪薪懈屑邪褑懈懈	other_medical
dose	写芯蟹懈褉芯胁泻邪	other_medical
dose	写芯蟹邪	other_medical
dressing	锌芯胁褟蟹泻邪	other_medical
dropper	锌懈锌械褌泻邪	other_medical
drug resistance	褍褋褌芯泄褔懈胁芯褋褌褜 泻 谢械泻邪褉褋褌胁邪屑	other_medical
dwell time	胁褉械屑褟 薪邪褏芯卸写械薪懈褟 卸懈写泻芯褋褌懈	other_medical
electric breast pump	褝谢械泻褌褉懈褔械褋泻懈泄 屑芯谢芯泻芯芯褌褋芯褋	other_medical
electrical activity of the brain	褝谢械泻褌褉懈褔械褋泻邪褟 邪泻褌懈胁薪芯褋褌褜 屑芯蟹谐邪	other_medical
electrical impulse	褝谢械泻褌褉懈褔械褋泻懈泄 懈屑锌褍谢褜褋	other_medical
electrodes	褝谢械泻褌褉芯写褘	other_medical
emergency department	芯褌写械谢械薪懈械 薪械芯褌谢芯卸薪芯泄 锌芯屑芯褖懈	other_medical
exam table	褋屑芯褌褉芯胁芯械 泻褉械褋谢芯	other_medical
expiration date	褋褉芯泻 谐芯写薪芯褋褌懈	other_medical
eye specialist	芯泻褍谢懈褋褌	other_medical
face shield	蟹邪褖懈褌薪邪褟 锌芯胁褟蟹泻邪	other_medical
facemask	蟹邪褖懈褌薪邪褟 屑邪褋泻邪	other_medical
family medicine doctor	褋械屑械泄薪褘泄 胁褉邪褔	other_medical
feeding cues	锌褉懈蟹薪邪泻懈 谐芯褌芯胁薪芯褋褌懈 泻 褋芯褋邪薪懈褞	other_medical
fiber	泻谢械褌褔邪褌泻邪	other_medical
flu virus	胁懈褉褍褋 谐褉懈锌锌邪	other_medical
food diary	写薪械胁薪懈泻 锌懈褌邪薪懈褟	other_medical
fungi	谐褉懈斜泻懈	other_medical
fungus	谐褉懈斜芯泻	other_medical
gauze	褋邪谢褎械褌泻邪	other_medical
gauze dressing	屑邪褉谢械胁邪褟 锌芯胁褟蟹泻邪	other_medical
gel pad	谐械谢械胁邪褟 锌芯写褍褕械褔泻邪	other_medical
glucose	谐谢褞泻芯蟹邪	other_medical
grasping reflex	褏胁邪褌邪褌械谢褜薪褘泄 褉械褎谢械泻褋	other_medical
grounding pad	蟹邪蟹械屑谢褟褞褖邪褟 薪邪泻谢邪写泻邪	other_medical
hand sanitizer	写械蟹懈薪褎懈褑懈褉褍褞褖械械 褋褉械写褋褌胁芯 薪邪 芯褋薪芯胁械 褋锌懈褉褌邪	other_medical
handrail	锌械褉懈谢邪	other_medical
harmful substance	胁褉械写薪褘械 胁械褖械褋褌胁邪	other_medical
head coil	泻邪褌褍褕泻邪 写谢褟 谐芯谢芯胁褘	other_medical
health care power of attorney	写芯胁械褉械薪薪芯褋褌褜 薪邪 锌褉懈薪褟褌懈械 屑械写懈褑懈薪褋泻懈褏 褉械褕械薪懈泄	other_medical
health care provider	胁褉邪褔	other_medical
health care proxy	写芯胁械褉械薪薪芯褋褌褜 薪邪 锌褉邪胁芯 锌褉械写褋褌邪胁谢褟褌褜 懈薪褌械褉械褋褘 斜芯谢褜薪芯谐芯	other_medical
healthy diet	蟹写芯褉芯胁芯械 锌懈褌邪薪懈械	other_medical
healthy weight	蟹写芯褉芯胁褘泄 胁械褋	other_medical
heart beat	褍写邪褉 褋械褉写褑邪	other_medical
heart pacemaker	泻邪褉写懈芯褋褌懈屑褍谢褟褌芯褉	other_medical
heart pumps	褋械褉写褑械 锌褉芯泻邪褔懈胁邪械褌 泻褉芯胁褜	other_medical
heart rate	褋械褉写褑械斜懈械薪懈械	other_medical
heart walls motion	写胁懈卸械薪懈械 褋褌械薪芯泻 褋械褉写褑邪	other_medical
high fiber diet	写懈械褌邪 褋 胁褘褋芯泻懈屑 褋芯写械褉卸邪薪懈械屑 泻谢械褌褔邪褌泻懈	other_medical
high fiber food	锌褉芯写褍泻褌褘 褋 胁褘褋芯泻懈屑 褋芯写械褉卸邪薪懈械屑 泻谢械褌褔邪褌泻懈	other_medical
hospital gown	斜芯谢褜薪懈褔薪邪褟 芯写械卸写邪	other_medical
hospital gown	斜芯谢褜薪懈褔薪褘泄 褏邪谢邪褌	other_medical
humidifier	褍胁谢邪卸薪懈褌械谢褜	other_medical
ice pack	锌邪泻械褌 褋芯 谢褜写芯屑	other_medical
icu	芯褌写械谢械薪懈械 懈薪褌械薪褋懈胁薪芯泄 褌械褉邪锌懈懈	other_medical
implanted pump	懈屑锌谢邪薪褌懈褉芯胁邪薪薪邪褟 锌芯屑锌邪	other_medical
inactive ingredients	薪械邪泻褌懈胁薪褘械 懈薪谐褉械写懈械薪褌褘	other_medical
individualized education program	懈薪写懈胁懈写褍邪谢褜薪邪褟 锌褉芯谐褉邪屑屑邪 芯斜褍褔械薪懈褟	other_medical
inhaler	懈薪谐邪谢褟褌芯褉	other_medical
injection site	屑械褋褌芯 褍泻芯谢邪	other_medical
insulin dose	写芯蟹邪 懈薪褋褍谢懈薪邪	other_medical
insulin units	械写懈薪懈褑褘 懈薪褋褍谢懈薪邪	other_medical
intensive care unit	芯褌写械谢械薪懈械 懈薪褌械薪褋懈胁薪芯泄 褌械褉邪锌懈懈	other_medical
intravenous	胁薪褍褌褉懈胁械薪薪芯	other_medical
intravenous	泻邪褌械褌械褉	other_medical
iud	胁薪褍褌褉懈屑邪褌芯褔薪邪褟 褋锌懈褉邪谢褜	other_medical
iv line	泻邪锌械谢褜薪懈褑邪	other_medical
iv pump	薪邪褋芯褋 写谢褟 胁薪褍褌褉懈胁械薪薪褘褏 胁谢懈胁邪薪懈泄	other_medical
lactation specialist	褋锌械褑懈邪谢懈褋褌 锌芯 谐褉褍写薪芯屑褍 胁褋泻邪褉屑谢懈胁邪薪懈褞	other_medical
lactation specialist	褋锌械褑懈邪谢懈褋褌 锌芯 胁芯锌褉芯褋邪屑 泻芯褉屑谢械薪懈褟 谐褉褍写褜褞	other_medical
latch on	锌褉懈褋邪褋褘胁邪褌褜褋褟	other_medical
lice eggs	褟泄褑邪 胁褕械泄	other_medical
living will	蟹邪胁械褖邪薪懈械 薪邪 褋谢褍褔邪泄 薪械写械械褋锌芯褋芯斜薪芯褋褌懈	other_medical
low fat foods	薪械卸懈褉薪褘械 锌褉芯写褍泻褌褘	other_medical
lp shunt	锌芯褟褋薪懈褔薪芯-锌械褉懈褌芯薪械邪谢褜薪褘泄 褕褍薪褌	other_medical
manual breast pump	褉褍褔薪芯泄 屑芯谢芯泻芯芯褌褋芯褋	other_medical
medical decisions	屑械写懈褑懈薪褋泻懈械 褉械褕械薪懈褟	other_medical
medicine bottle	褎谢邪泻芯薪 褋 谢械泻邪褉褋褌胁芯屑	other_medical
medicine dose	写芯蟹懈褉芯胁泻邪 谢械泻邪褉褋褌胁邪	other_medical
medicine safety	斜械蟹芯锌邪褋薪芯褋褌褜 锌褉懈 锌褉懈械屑械 谢械泻邪褉褋褌胁	other_medical
medicine spoon	屑械褉薪邪褟 谢芯卸泻邪	other_medical
menstrual period	屑械薪褋褌褉褍邪褑懈褟	other_medical
mental health professional	褋锌械褑懈邪谢懈褋褌 锌芯 锌褋懈褏懈褔械褋泻芯屑褍 蟹写芯褉芯胁褜褞	other_medical
metal fragments	屑械褌邪谢谢懈褔械褋泻懈械 芯褋泻芯谢泻懈	other_medical
milk flow	胁褘写械谢械薪懈械 屑芯谢芯泻邪	other_medical
milliliter	屑懈谢谢懈谢懈褌褉	other_medical
mist	褌褍屑邪薪	other_medical
monosaturated fats	屑芯薪芯薪械薪邪褋褘褖械薪薪褘械 卸懈褉褘	other_medical
mouthpiece	屑褍薪写褕褌褍泻	other_medical
nebulizer	薪械斜褍谢邪泄蟹械褉	other_medical
needle	懈谐谢邪	other_medical
needle disposal	泻芯薪褌械泄薪械褉 写谢褟 懈褋锌芯谢褜蟹芯胁邪薪薪褘褏 懈谐谢	other_medical
needle disposal box	泻芯薪褌械泄薪械褉 写谢褟 懈褋锌芯谢褜蟹芯胁邪薪薪褘褏 懈谐谢	other_medical
needles and syringes	懈谐谢褘 懈 褕锌褉懈褑褘	other_medical
neurofibrillary tangles	薪械泄褉芯褎懈斜褉懈谢谢褟褉薪褘械 泻谢褍斜泻懈	other_medical
nicotine	薪懈泻芯褌懈薪	other_medical
nits	谐薪懈写褘	other_medical
normal curves in back	锌褉邪胁懈谢褜薪邪褟 芯褋邪薪泻邪	other_medical
obstetrician	谐懈薪械泻芯谢芯谐	other_medical
oxygen concentrator	泻芯薪褑械薪褌褉邪褌芯褉 泻懈褋谢芯褉芯写邪	other_medical
pacemaker	褝谢械泻褌褉芯泻邪褉写懈芯褋褌懈屑褍谢褟褌芯褉	other_medical
pacifier	锌褍褋褌褘褕泻邪	other_medical
pandemic	锌邪薪写械屑懈褟	other_medical
parasite	锌邪褉邪蟹懈褌	other_medical
parasites	锌邪褉邪蟹懈褌褘	other_medical
pasteurized milk	锌邪褋褌械褉懈蟹芯胁邪薪薪芯械 屑芯谢芯泻芯	other_medical
pediatric doctor	锌械写懈邪褌褉	other_medical
pediatric nurse practitioner	屑械写褋械褋褌褉邪-锌芯屑芯褖薪懈泻 锌械写懈邪褌褉邪	other_medical
pediatrician	锌械写懈邪褌褉	other_medical
penile prosthesis	褎邪谢谢芯锌褉芯褌械蟹	other_medical
pet dander	邪谢谢械褉谐械薪褘 卸懈胁芯褌薪褘褏	other_medical
pharmacist	褎邪褉屑邪褑械胁褌	other_medical
physical activity	褎懈蟹懈褔械褋泻邪褟 薪邪谐褉褍蟹泻邪	other_medical
physical therapist	褎懈蟹懈芯褌械褉邪锌械胁褌	other_medical
physical therapists	褎懈蟹懈芯褌械褉邪锌械胁褌褘	other_medical
physically active	邪泻褌懈胁薪褘泄 芯斜褉邪蟹 卸懈蟹薪懈	other_medical
pin electrode	懈谐芯谢褜褔邪褌褘泄 褝谢械泻褌褉芯写	other_medical
plaque	斜谢褟褕泻邪	other_medical
plunger	锌芯褉褕械薪褜	other_medical
pocket mask	写褘褏邪褌械谢褜薪邪褟 屑邪褋泻邪	other_medical
poison control	褌芯泻褋懈泻芯谢芯谐懈褔械褋泻邪褟 褋谢褍卸斜邪	other_medical
pollen	锌褘谢褜褑邪	other_medical
porous surface	锌芯褉懈褋褌邪褟 锌芯胁械褉褏薪芯褋褌褜	other_medical
portion size	褉邪蟹屑械褉 锌芯褉褑懈懈	other_medical
potassium	泻邪谢懈泄	other_medical
protective clothing	蟹邪褖懈褌薪邪褟 芯写械卸写邪	other_medical
protein	斜械谢芯泻	other_medical
radiation exposure	芯斜谢褍褔械薪懈械	other_medical
radon gas	褉邪写芯薪	other_medical
rear-facing seat	泻褉械褋谢芯, 芯斜褉邪褖械薪薪芯械 锌褉芯褌懈胁 写胁懈卸械薪懈褟	other_medical
recovery room	锌芯褋谢械芯锌械褉邪褑懈芯薪薪邪褟 锌邪谢邪褌邪	other_medical
registered nurse	写懈锌谢芯屑懈褉芯胁邪薪薪褘泄 褋锌械褑懈邪谢懈褋褌	other_medical
rooting reflex	泻芯褉薪械胁芯泄 褉械褎谢械泻褋	other_medical
rubber stopper	褉械蟹懈薪芯胁邪褟 锌褉芯斜泻邪	other_medical
saturated fats	薪邪褋褘褖械薪薪褘械 卸懈褉褘	other_medical
second trimester	胁褌芯褉芯泄 褌褉懈屑械褋褌褉	other_medical
secondhand smoke	锌邪褋褋懈胁薪芯械 泻褍褉械薪懈械	other_medical
sharps container	泻芯薪褌械泄薪械褉 褋 芯褋褌褉褘屑懈 锌褉械写屑械褌邪屑懈	other_medical
side effects	锌芯斜芯褔薪褘械 褟胁谢械薪懈褟	other_medical
side rails	斜芯泻芯胁褘械 芯谐褉邪卸写械薪懈褟	other_medical
sleep patterns	褉械卸懈屑 褋薪邪	other_medical
slip resistant socks	薪械褋泻芯谢褜蟹褟褖懈械 薪芯褋泻懈	other_medical
sodium	薪邪褌褉懈泄	other_medical
soft bristle toothbrush	蟹褍斜薪邪褟 褖械褌泻邪 褋 屑褟谐泻芯泄 褖械褌懈薪芯泄	other_medical
special needs	芯谐褉邪薪懈褔械薪薪褘械 胁芯蟹屑芯卸薪芯褋褌懈	other_medical
speech language pathologist	胁褉邪褔-谢芯谐芯锌械写	other_medical
staph germ	褋褌邪褎懈谢芯泻芯泻泻	other_medical
startle reflex	褉械褎谢械泻褋 懈褋锌褍谐邪	other_medical
stepping reflex	褕邪谐芯胁褘泄 褉械褎谢械泻褋	other_medical
steri strips	锌芯谢芯褋泻懈 steri-strip	other_medical
sterile bandage	褋褌械褉懈谢褜薪邪褟 锌芯胁褟蟹泻邪	other_medical
stethoscope	褋褌械褌芯褋泻芯锌	other_medical
stirrups	锌芯写褋褌邪胁泻懈	other_medical
stool	泻邪谢	other_medical
sucking reflex	褋芯褋邪褌械谢褜薪褘泄 褉械褎谢械泻褋	other_medical
suffocate	蟹邪写芯褏薪褍褌褜褋褟	other_medical
sugar free gum	卸械胁邪褌械谢褜薪邪褟 褉械蟹懈薪泻邪 斜械蟹 褋邪褏邪褉邪	other_medical
syringe	褕锌褉懈褑	other_medical
teaspoon	褔邪泄薪邪褟 谢芯卸泻邪	other_medical
teething ring	泻芯谢褜褑芯 写谢褟 锌褉芯褉械蟹褘胁邪薪懈褟 蟹褍斜芯胁	other_medical
tobacco free life	卸懈蟹薪褜 斜械蟹 褌邪斜邪泻邪	other_medical
tongue blade	写械锌褉械褋褋芯褉 褟蟹褘泻邪	other_medical
toxic chemicals	褌芯泻褋懈褔薪褘械 褏懈屑懈褔械褋泻懈械 胁械褖械褋褌胁邪	other_medical
transducer	写邪褌褔懈泻	other_medical
treadmill	斜械谐芯胁邪褟 写芯褉芯卸泻邪	other_medical
tube	褌褉褍斜泻邪	other_medical
tummy time	胁褉械屑褟 薪邪 卸懈胁芯褌懈泻械	other_medical
urinating	屑芯褔械懈褋锌褍褋泻邪薪懈械	other_medical
urination	屑芯褔械懈褋锌褍褋泻邪薪懈械	other_medical
vaporizer	懈褋锌邪褉懈褌械谢褜	other_medical
virus	胁懈褉褍褋褘	other_medical
viruses	胁懈褉褍褋褘	other_medical
vp shunt	胁械薪褌褉懈泻褍谢芯-锌械褉懈褌芯薪械邪谢褜薪褘泄 褕褍薪褌	other_medical
walker	褏芯写褍薪泻懈	other_medical
weight loss	锌芯褏褍写械薪懈械	other_medical
weight loss	褋薪懈卸械薪懈械 胁械褋邪	other_medical
wet diapers	屑芯褔械懈褋锌褍褋泻邪薪懈褟	other_medical
wheat bran	锌褕械薪懈褔薪褘械 芯褌褉褍斜懈	other_medical
whole grain breads	褏谢械斜 懈蟹 薪械芯斜褉邪斜芯褌邪薪薪芯谐芯 蟹械褉薪邪	other_medical
x-ray table	褉械薪褌谐械薪芯胁褋泻懈泄 褋褌芯谢	other_medical
abdomen imaging	芯斜褋谢械写芯胁邪薪懈械 斜褉褞褕薪芯泄 锌芯谢芯褋褌懈	procedure
ablation	邪斜谢褟褑懈褟	procedure
active labor	邪泻褌懈胁薪邪褟 褎邪蟹邪 褉芯写芯胁	procedure
active leg range of motion	邪泻褌懈胁薪邪褟 邪屑锌谢懈褌褍写邪 写胁懈卸械薪懈泄 薪芯谐	procedure
active range of motion	邪泻褌懈胁薪邪褟 邪屑锌谢懈褌褍写邪 写胁懈卸械薪懈泄	procedure
aerobic exercises	邪褝褉芯斜薪褘械 褍锌褉邪卸薪械薪懈褟	procedure
aerosol treatment	邪褝褉芯蟹芯谢褜薪邪褟 褌械褉邪锌懈褟	procedure
amniocentesis	邪屑薪懈芯褑械薪褌械蟹	procedure
angiogram	邪薪谐懈芯谐褉邪屑屑邪	procedure
angioplasty	邪薪谐懈芯锌谢邪褋褌懈泻邪	procedure
ankle circles	泻褉褍谐芯胁褘械 写胁懈卸械薪懈褟 谢芯写褘卸泻邪屑懈	procedure
ankle exercises	褍锌褉邪卸薪械薪懈褟 写谢褟 谢芯写褘卸械泻	procedure
ankle pumps	泻邪褔邪褞褖懈械 写胁懈卸械薪懈褟 谐芯谢械薪芯褋褌芯锌薪芯谐芯 褋褍褋褌邪胁邪	procedure
ankle stretch	胁褘褌褟谐懈胁邪薪懈械 谢芯写褘卸泻懈	procedure
antiviral therapy	邪薪褌懈胁懈褉褍褋薪邪褟 褌械褉邪锌懈褟	procedure
apd	邪锌写	procedure
appendectomy	邪锌锌械薪写褝泻褌芯屑懈褟	procedure
artery is joined to a vein	邪褉褌械褉懈褟 褋芯械写懈薪褟械褌褋褟 褋 胁械薪芯泄	procedure
automated peritoneal dialysis	邪胁褌芯屑邪褌懈褔械褋泻懈泄 锌械褉懈褌芯薪械邪谢褜薪褘泄 写懈邪谢懈蟹	procedure
av fistula	邪褉褌械褉懈芯胁械薪芯蟹薪褘泄 褋胁懈褖	procedure
balloon angioplasty	斜邪谢谢芯薪薪邪褟 邪薪谐懈芯锌谢邪褋褌懈泻邪	procedure
bandage	锌芯胁褟蟹泻邪	procedure
behavior modification	懈蟹屑械薪械薪懈械 锌褉懈胁褘褔械泻	procedure
biofeedback	屑械褌芯写 斜懈芯谢芯谐懈褔械褋泻芯泄 芯斜褉邪褌薪芯泄 褋胁褟蟹懈	procedure
biopsy	斜懈芯锌褋懈褟	procedure
biotherapy	斜懈芯褌械褉邪锌懈褟	procedure
bladder retraining program	锌褉芯谐褉邪屑屑邪 褌褉械薪懈褉芯胁泻懈 屑芯褔械胁芯谐芯 锌褍蟹褘褉褟	procedure
blood pressure cuff	屑邪薪卸械褌邪 写谢褟 懈蟹屑械褉械薪懈褟 泻褉芯胁褟薪芯谐芯 写邪胁谢械薪懈褟	procedure
blood sample	芯斜褉邪蟹械褑 泻褉芯胁懈	procedure
blood transfusion	锌械褉械谢懈胁邪薪懈械 泻褉芯胁懈	procedure
bottle-feeding	懈褋泻褍褋褋褌胁械薪薪芯械 胁褋泻邪褉屑谢懈胁邪薪懈械	procedure
bowel prep	锌芯写谐芯褌芯胁泻邪 泻懈褕械褔薪懈泻邪	procedure
brachytherapy	斜褉邪褏懈褌械褉邪锌懈褟	procedure
breast biopsy	斜懈芯锌褋懈褟 屑芯谢芯褔薪芯泄 卸械谢械蟹褘	procedure
breast exam	芯斜褋谢械写芯胁邪薪懈械 谐褉褍写懈	procedure
breast exam	芯斜褋谢械写芯胁邪薪懈械 屑芯谢芯褔薪褘褏 卸械谢械蟹	procedure
breast massage	屑邪褋褋邪卸 谐褉褍写懈	procedure
breast milk expression	褋褑械卸懈胁邪薪懈械 谐褉褍写薪芯谐芯 屑芯谢芯泻邪	procedure
breast milk storage	褏褉邪薪械薪懈械 谐褉褍写薪芯谐芯 屑芯谢芯泻邪	procedure
breast pump	屑芯谢芯泻芯芯褌褋芯褋	procedure
breast reconstruction	褉械泻芯薪褋褌褉褍泻褌懈胁薪邪褟 褏懈褉褍褉谐懈褟 谐褉褍写懈	procedure
breastfeed	泻芯褉屑懈褌褜 谐褉褍写褜褞	procedure
breastfeed	泻芯褉屑懈褌褜 褉械斜械薪泻邪 谐褉褍写褜褞	procedure
breastfeeding	泻芯褉屑谢械薪懈械	procedure
breastfeeding	泻芯褉屑谢械薪懈械 谐褉褍写褜褞	procedure
breastfeeding	锌褉懈泻谢邪写褘胁邪薪懈械 泻 谐褉褍写懈	procedure
breastfeeding latch	锌褉懈泻谢邪写褘胁邪薪懈械 泻 谐褉褍写懈	procedure
breathing exerciser	写褘褏邪褌械谢褜薪褘泄 褌褉械薪邪卸械褉	procedure
breathing exercises	写褘褏邪褌械谢褜薪邪褟 谐懈屑薪邪褋褌懈泻邪	procedure
breathing exercises	写褘褏邪褌械谢褜薪褘械 褍锌褉邪卸薪械薪懈褟	procedure
breathing treatment	懈薪谐邪谢褟褑懈芯薪薪芯械 谢械褔械薪懈械	procedure
breathing tube	写褘褏邪褌械谢褜薪邪褟 褌褉褍斜泻邪	procedure
bridge	屑芯褋褌懈泻	procedure
bridging	屑芯褋褌懈泻	procedure
bronchoscopy	斜褉芯薪褏芯褋泻芯锌懈褟	procedure
bulb syringe	邪褋锌懈褉邪褌芯褉	procedure
burp	褋褉褘谐懈胁邪薪懈械	procedure
burp	芯褌褉褘谐薪褍褌褜	procedure
burp baby	锌芯写芯卸写邪褌褜 芯褌褉褘卸泻懈	procedure
burping	芯褌褉褘卸泻邪	procedure
bypass surgery	芯锌械褉邪褑懈褟 褕褍薪褌懈褉芯胁邪薪懈褟	procedure
cancer treatment	谢械褔械薪懈械 褉邪泻邪	procedure
cancer treatment	谢械褔械薪懈械 芯薪泻芯谢芯谐懈褔械褋泻懈褏 蟹邪斜芯谢械胁邪薪懈泄	procedure
cancer treatment	谢械褔械薪懈械 芯薪泻芯谢芯谐懈褔械褋泻芯谐芯 蟹邪斜芯谢械胁邪薪懈褟	procedure
capd	薪邪锌写	procedure
cardiac catheterization	泻芯褉芯薪邪褉芯谐褉邪褎懈褟	procedure
cardiac rehab program	泻褍褉褋 褉械邪斜懈谢懈褌邪褑懈懈 写谢褟 斜芯谢褜薪褘褏 褋 蟹邪斜芯谢械胁邪薪懈褟屑懈 褋械褉写褑邪	procedure
cardiac rehab program	锌褉芯谐褉邪屑屑邪 褉械邪斜懈谢懈褌邪褑懈懈 褋械褉写褑邪	procedure
cardiopulmonary resuscitation	褉械邪薪懈屑邪褑懈褟	procedure
cardioversion	泻邪褉写懈芯胁械褉褋懈褟	procedure
cast	谐懈锌褋	procedure
cast	谐懈锌褋芯胁邪褟 锌芯胁褟蟹泻邪	procedure
cat stretch	胁褘谐懈斜邪薪懈械 锌芯蟹胁芯薪芯褔薪懈泻邪	procedure
catheter	泻邪褌械褌械褉	procedure
ccpd	薪褑锌写	procedure
central catheter	褑械薪褌褉邪谢褜薪褘泄 泻邪褌械褌械褉	procedure
cesarean birth	泻械褋邪褉械胁芯 褋械褔械薪懈械	procedure
cesarean delivery	泻械褋邪褉械胁芯 褋械褔械薪懈械	procedure
cheek puff exercise	薪邪写褍胁邪薪懈械 褖械泻	procedure
chemo	褏懈屑懈褟	procedure
chemotherapy	褏懈屑懈芯褌械褉邪锌懈褟	procedure
chest compression	泻芯屑锌褉械褋褋懈褟 谐褉褍写薪芯泄 泻谢械褌泻懈	procedure
chest surgery	芯锌械褉邪褑懈褟 薪邪 谐褉褍写懈	procedure
chorionic villus sampling	锌褉芯斜邪 胁芯褉褋懈薪褔邪褌芯谐芯 褏芯褉懈芯薪邪	procedure
circumcision	芯斜褉械蟹邪薪懈械	procedure
clean catch	褔懈褋褌褘泄 褋斜芯褉	procedure
cold packs	芯褏谢邪卸写邪褞褖懈泄 锌邪泻械褌	procedure
cold treatment	褏芯谢芯写芯胁芯械 谢械褔械薪懈械	procedure
colon examination	芯斜褋谢械写芯胁邪薪懈械 泻懈褕械褔薪懈泻邪	procedure
colonoscopy	泻芯谢芯薪芯褋泻芯锌懈褟	procedure
colostomy	芯褋屑芯褌褉 锌褉褟屑芯泄 懈 芯斜芯写芯褔薪芯泄 泻懈褕泻懈	procedure
colposcope	泻芯谢褜锌芯褋泻芯锌	procedure
comfort suck	褋芯褋邪褌褜 谐褉褍写褜 写谢褟 褍褋锌芯泻芯械薪懈褟	procedure
continuous ambulatory peritoneal dialysis	薪械锌褉械褉褘胁薪褘泄 邪屑斜褍谢邪褌芯褉薪褘泄 锌械褉懈褌芯薪械邪谢褜薪褘泄 写懈邪谢懈蟹	procedure
continuous cycling peritoneal dialysis	薪械锌褉械褉褘胁薪褘泄 褑懈泻谢懈褔械褋泻懈泄 锌械褉懈褌芯薪械邪谢褜薪褘泄 写懈邪谢懈蟹	procedure
continuous positive airway pressure machine	锌褉懈斜芯褉 写谢褟 锌芯写写械褉卸邪薪懈褟 锌芯褋褌芯褟薪薪芯谐芯 锌芯谢芯卸懈褌械谢褜薪芯谐芯 写邪胁谢械薪懈褟 胁 写褘褏邪褌械谢褜薪褘褏 锌褍褌褟褏	procedure
cool down	褍锌褉邪卸薪械薪懈褟 薪邪 褉邪褋褋谢邪斜谢械薪懈械	procedure
cord care	褍褏芯写 蟹邪 锌褍锌泻芯屑	procedure
core needle biopsy	褌芯谢褋褌芯懈谐芯谢褜薪邪褟 斜懈芯锌褋懈褟	procedure
coronary angioplasty	泻芯褉芯薪邪褉薪邪褟 邪薪谐懈芯锌谢邪褋褌懈泻邪	procedure
coronary artery bypass surgery	邪芯褉褌芯泻芯褉芯薪邪褉薪芯械 褕褍薪褌懈褉芯胁邪薪懈械	procedure
coughing	锌褉芯泻邪褕谢懈胁邪薪懈械	procedure
coughing exercises	褍锌褉邪卸薪械薪懈褟 锌芯 泻邪褕谢褞	procedure
coughing exercises	泻邪褕谢械胁褘械 褍锌褉邪卸薪械薪懈褟	procedure
counseling	泻芯薪褋褍谢褜褌邪褑懈褟	procedure
counseling	锌褋懈褏芯谢芯谐懈褔械褋泻邪褟 锌芯屑芯褖褜	procedure
cpap	褋懈锌邪锌	procedure
cpap machine	cpap 邪锌锌邪褉邪褌	procedure
cpr	褉械邪薪懈屑邪褑懈褟	procedure
curl up	褋泻褉褍褔懈胁邪薪懈褟	procedure
cystoscopy	褑懈褋褌芯褋泻芯锌懈褟	procedure
decontamination	褋邪薪懈褌邪褉薪邪褟 芯斜褉邪斜芯褌泻邪	procedure
decontamination	芯斜械蟹蟹邪褉邪卸懈胁邪薪懈械	procedure
deep breathing	谐谢褍斜芯泻芯械 写褘褏邪薪懈械	procedure
deep breathing	谐谢褍斜芯泻芯 写褘褕邪褌褜	procedure
deep breathing exercises	褍锌褉邪卸薪械薪懈褟 锌芯 谐谢褍斜芯泻芯屑褍 写褘褏邪薪懈褞	procedure
deep breathing exercises	写褘褏邪褌械谢褜薪褘械 褍锌褉邪卸薪械薪懈褟	procedure
deep breaths	谐谢褍斜芯泻懈械 胁写芯褏懈	procedure
deep knee bends	谐谢褍斜芯泻懈械 锌褉懈褋械写邪薪懈褟	procedure
defibrillator	写械褎懈斜褉懈谢谢褟褌芯褉	procedure
delivery	褉芯卸写械薪懈械 褉械斜械薪泻邪	procedure
dental care	谢械褔械薪懈械 蟹褍斜芯胁	procedure
diabetes education	褍褔械斜薪褘械 蟹邪薪褟褌懈褟 锌芯 写懈邪斜械褌褍	procedure
dialysis	写懈邪谢懈蟹	procedure
dialysis access	屑械褋褌芯 锌芯写泻谢褞褔械薪懈褟	procedure
doppler ultrasound	褍谢褜褌褉邪蟹胁褍泻芯胁芯械 写芯锌谢械褉芯胁褋泻芯械 懈褋褋谢械写芯胁邪薪懈械	procedure
double knee to chest	锌褉懈卸懈屑邪薪懈械 泻芯谢械薪 泻 谐褉褍写懈	procedure
douching	褋锌褉懈薪褑械胁邪薪懈械	procedure
drain the infection	写褉械薪懈褉芯胁邪薪懈械	procedure
dye injection	胁胁械写械薪懈械 泻褉邪褋懈褌械谢褟	procedure
early labor	褉邪薪薪褟褟 褎邪蟹邪 褉芯写芯胁	procedure
effortful swallow	谐谢芯褌邪薪懈械 褋 褍褋懈谢懈械屑	procedure
elbow flexion and extension	褋谐懈斜邪薪懈械 懈 褉邪蟹谐懈斜邪薪懈械 谢芯泻褌褟	procedure
elbow press up	芯褌卸懈屑邪薪懈械 褋 褍锌芯褉芯屑 薪邪 谢芯泻褌懈	procedure
electrical shock	褝谢械泻褌褉芯褕芯泻	procedure
electrical stimulation	褝谢械泻褌褉芯褋褌懈屑褍谢褟褑懈褟	procedure
emergency care	褋泻芯褉邪褟 锌芯屑芯褖褜	procedure
enemas	泻谢懈蟹屑褘	procedure
episiotomy	褝锌懈蟹懈芯褌芯屑懈褟	procedure
ercp	褝褉褏锌谐	procedure
estrogen replacement therapy	蟹邪屑械褋褌懈褌械谢褜薪邪褟 褌械褉邪锌懈褟 褝褋褌褉芯谐械薪芯屑	procedure
exchange	褑懈泻谢 芯斜屑械薪邪	procedure
excisional biopsy	褝泻褋褑懈蟹懈芯薪薪邪褟 斜懈芯锌褋懈褟	procedure
exercise	褎懈蟹懈褔械褋泻懈械 褍锌褉邪卸薪械薪懈褟	procedure
exercise bike	胁械谢芯褌褉械薪邪卸械褉	procedure
exercise session	蟹邪薪褟褌懈械 褍锌褉邪卸薪械薪懈褟屑懈	procedure
external radiation therapy	胁薪械褕薪褟褟 谢褍褔械胁邪褟 褌械褉邪锌懈褟	procedure
external rotation	胁薪械褕薪械械 胁褉邪褖械薪懈械	procedure
eye dilation	芯褋屑芯褌褉 谐谢邪蟹薪芯谐芯 写薪邪	procedure
eye exam	锌褉芯胁械褉泻邪 蟹褉械薪懈褟	procedure
eye surgery	褏懈褉褍褉谐懈褔械褋泻芯械 胁屑械褕邪褌械谢褜褋褌胁芯 薪邪 谐谢邪蟹邪褏	procedure
facial strengthening exercises	褍锌褉邪卸薪械薪懈褟 薪邪 褍泻褉械锌谢械薪懈械 谢懈褑邪	procedure
facial strengthening exercises	褍锌褉邪卸薪械薪懈褟 写谢褟 褍泻褉械锌谢械薪懈褟 屑褘褕褑 谢懈褑邪	procedure
fasting	薪邪褌芯褖邪泻	procedure
feeding tube	泻邪褌械褌械褉 写谢褟 褝薪褌械褉邪谢褜薪芯谐芯 锌懈褌邪薪懈褟	procedure
feeding tubes	泻芯褉屑谢械薪懈械 褔械褉械蟹 蟹芯薪写	procedure
female pelvic exam	谐懈薪械泻芯谢芯谐懈褔械褋泻懈泄 芯褋屑芯褌褉	procedure
fiberglass cast	褋褌械泻谢芯胁芯谢芯泻薪芯	procedure
fine needle aspiration	褌芯薪泻芯懈谐芯谢褜薪邪褟 邪褋锌懈褉邪褑懈芯薪薪邪褟 斜懈芯锌褋懈褟	procedure
finger stick	蟹邪斜芯褉 泻褉芯胁懈 懈蟹 锌邪谢褜褑邪	procedure
first aid class	芯泻邪蟹邪薪懈械 锌械褉胁芯泄 锌芯屑芯褖懈	procedure
flu shot	锌褉懈胁懈胁泻邪 芯褌 谐褉懈锌锌邪	procedure
flu vaccine	胁邪泻褑懈薪邪褑懈褟 芯褌 谐褉懈锌锌邪	procedure
follow up visit	泻芯薪褌褉芯谢褜薪褘泄 芯褋屑芯褌褉	procedure
foot care	褍褏芯写 蟹邪 薪芯谐邪屑懈	procedure
foot check	芯褋屑芯褌褉 薪芯谐	procedure
foot press	薪邪写邪胁谢懈胁邪薪懈械 薪邪 褋褌褍锌薪褞	procedure
forearm pronation and supination	锌褉芯薪邪褑懈褟 懈 褋褍锌懈薪邪褑懈褟 锌褉械写锌谢械褔褜褟	procedure
gastric electrical stimulation	褝谢械泻褌褉芯褋褌懈屑褍谢褟褑懈褟 卸械谢褍写泻邪	procedure
glucagon shot	懈薪褗械泻褑懈褟 谐谢褞泻邪谐芯薪邪	procedure
gluteal sets	褍锌褉邪卸薪械薪懈褟 薪邪 褟谐芯写懈褑褘	procedure
graft	懈屑锌谢邪薪褌邪褌	procedure
hamstring stretch	褉邪褋褌褟谐懈胁邪薪懈械 蟹邪写薪械泄 锌芯胁械褉褏薪芯褋褌懈 斜械写褉邪	procedure
hand expression	褋褑械卸懈胁邪薪懈械 褉褍泻邪屑懈	procedure
hand washing	屑褘褌褜械 褉褍泻	procedure
heart angioplasty	泻芯褉芯薪邪褉薪邪褟 邪薪谐懈芯锌谢邪褋褌懈泻邪	procedure
heart cath	泻芯褉芯薪邪褉芯谐褉邪褎懈褟	procedure
heavy exercise	懈薪褌械薪褋懈胁薪褘械 褎懈蟹懈褔械褋泻懈械 薪邪谐褉褍蟹泻懈	procedure
heel raises	锌芯写薪褟褌懈械 锌褟褌泻懈	procedure
hemodialysis	谐械屑芯写懈邪谢懈蟹	procedure
hip abduction	芯褌胁械写械薪懈械 斜械写械褉	procedure
hip abduction	芯褌胁械写械薪懈械 斜械写褉邪	procedure
hip and knee bending	褋谐懈斜邪薪懈械 薪芯谐懈 胁 斜械写褉械 懈 泻芯谢械薪械	procedure
hip extension	褉邪褋褌褟卸械薪懈械 屑褘褕褑 斜械写褉邪	procedure
hip flexion	褋谐懈斜邪薪懈械 斜械写械褉	procedure
hip outward and inward	写胁懈卸械薪懈褟 斜械写械褉 胁薪褍褌褉褜 懈 薪邪褉褍卸褍	procedure
hip rolls	薪邪泻邪褌褘胁邪薪懈褟 褌邪蟹邪	procedure
hip rotation	锌芯胁芯褉芯褌 斜械写褉邪	procedure
hold your breath	蟹邪写械褉卸邪褌褜 写褘褏邪薪懈械	procedure
home care	褍褏芯写 薪邪 写芯屑褍	procedure
hormone replacement therapy	蟹邪屑械褋褌懈褌械谢褜薪邪褟 谐芯褉屑芯薪邪谢褜薪邪褟 褌械褉邪锌懈褟	procedure
hormone therapy	谐芯褉屑芯薪邪谢褜薪邪褟 褌械褉邪锌懈褟	procedure
hot treatment	褌械锌谢芯胁芯械 谢械褔械薪懈械	procedure
hrt	蟹谐褌	procedure
icd	懈泻写	procedure
ice application	锌褉懈泻谢邪写褘胁邪薪懈械 谢褜写邪	procedure
ice therapy	锌褉懈泻谢邪写褘胁邪薪懈械 谢褜写邪	procedure
immunotherapy	懈屑屑褍薪芯褌械褉邪锌懈褟	procedure
implant therapy	懈屑锌谢邪薪褌懈褉芯胁邪薪薪邪褟 褌械褉邪锌懈褟	procedure
incentive spirometer	褋褌懈屑褍谢懈褉褍褞褖懈泄 褋锌懈褉芯屑械褌褉	procedure
incision	褉邪蟹褉械蟹	procedure
incision	薪邪写褉械蟹	procedure
infant cpr	懈褋泻褍褋褋褌胁械薪薪芯械 写褘褏邪薪懈械 懈 薪械锌褉褟屑芯泄 屑邪褋褋邪卸 褋械褉写褑邪	procedure
infant/child cpr course	泻褍褉褋 褋械褉写械褔薪芯-谢械谐芯褔薪芯泄 褉械邪薪懈屑邪褑懈懈 写械褌械泄	procedure
injection	懈薪褗械泻褑懈褟	procedure
injections	懈薪褗械泻褑懈懈	procedure
insulin injection	懈薪褗械泻褑懈褟 懈薪褋褍谢懈薪邪	procedure
insulin injection	褍泻芯谢 懈薪褋褍谢懈薪邪	procedure
insulin syringe	褕锌褉懈褑 写谢褟 胁胁械写械薪懈褟 懈薪褋褍谢懈薪邪	procedure
internal radiation therapy	胁薪褍褌褉械薪薪褟褟 谢褍褔械胁邪褟 褌械褉邪锌懈褟	procedure
intravenous	胁薪褍褌褉懈胁械薪薪褘泄 泻邪褌械褌械褉	procedure
intravenous	胁薪褍褌褉懈胁械薪薪芯械 胁胁械写械薪懈械	procedure
intravenous	泻邪锌械谢褜薪懈褑邪	procedure
intravenous	胁薪褍褌褉懈胁械薪薪褘褏 胁谢懈胁邪薪懈泄	procedure
intravenous line	胁薪褍褌褉懈胁械薪薪邪褟 泻邪锌械谢褜薪懈褑邪	procedure
iv	泻邪褌械褌械褉	procedure
iv	胁薪褍褌褉懈胁械薪薪芯	procedure
iv	泻邪锌械谢褜薪懈褑邪	procedure
iv	胁薪褍褌褉懈胁械薪薪芯械 胁胁械写械薪懈械	procedure
iv	胁薪褍褌褉懈胁械薪薪褘泄 泻邪褌械褌械褉	procedure
iv catheter	胁薪褍褌褉懈胁械薪薪褘泄 泻邪褌械褌械褉	procedure
jaw strengthening	褍泻褉械锌谢械薪懈械 褔械谢褞褋褌械泄	procedure
joint extension	锌械褉械褉邪蟹谐懈斜邪薪懈械 褋褍褋褌邪胁芯胁	procedure
joint replacement	蟹邪屑械薪邪 褋褍褋褌邪胁邪	procedure
kegel exercises	褍锌褉邪卸薪械薪懈褟 泻械谐械谢褟	procedure
kidney transplant	锌械褉械褋邪写泻邪 锌芯褔械泻	procedure
knee extension	胁褘锌褉褟屑谢械薪懈械 泻芯谢械薪邪	procedure
knee flexion	褋谐懈斜邪薪懈械 泻芯谢械薪械泄	procedure
knee push	锌褉懈卸懈屑邪薪懈械 泻芯谢械薪邪	procedure
knee to chest	锌褉懈卸懈屑邪薪懈械 泻芯谢械薪邪 泻 谐褉褍写懈	procedure
labor and delivery	褉芯写褘	procedure
laparoscopic	谢邪锌邪褉芯褋泻芯锌懈褔械褋泻邪褟 芯锌械褉邪褑懈褟	procedure
laparoscopic appendectomy	谢邪锌邪褉芯褋泻芯锌懈褔械褋泻邪褟 邪锌锌械薪写褝泻褌芯屑懈褟	procedure
laser treatment	谢邪蟹械褉薪邪褟 泻芯褉褉械泻褑懈褟	procedure
laser treatment	谢邪蟹械褉薪芯械 谢械褔械薪懈械	procedure
latch	锌褉懈泻谢邪写褘胁邪薪懈械 泻 谐褉褍写懈	procedure
latch on	锌褉懈泻谢邪写褘胁邪薪懈械 泻 谐褉褍写懈	procedure
leads	褝谢械泻褌褉芯写褘	procedure
leep	锌械褌谢械胁邪褟 褝泻褋褑懈蟹懈褟 褕械泄泻懈 屑邪褌泻懈	procedure
leep	leep	procedure
leg extensions	胁褘褌褟谐懈胁邪薪懈械 薪芯谐	procedure
light box	谢邪泄褌斜芯泻褋	procedure
lip closure	褋屑褘泻邪薪懈械 谐褍斜	procedure
lip hold exercise	褍写械褉卸邪薪懈械 锌褉械写屑械褌邪 谐褍斜邪屑懈	procedure
liver imaging	芯斜褋谢械写芯胁邪薪懈械 锌械褔械薪懈	procedure
loop electrosurgical excision procedure	锌械褌谢械胁邪褟 褝谢械泻褌褉芯褏懈褉褍褉谐懈褔械褋泻邪褟 褝泻褋褑懈蟹懈褟	procedure
low back exercises	褍锌褉邪卸薪械薪懈褟 写谢褟 薪懈卸薪械泄 褋锌懈薪褘	procedure
low back stretch	褉邪褋褌褟谐懈胁邪薪懈械 薪懈卸薪械谐芯 芯褌写械谢邪 褋锌懈薪褘	procedure
lumbar extension	褉邪褋褌褟谐懈胁邪薪懈械 屑褘褕褑 锌芯褟褋薪懈褑褘	procedure
lumbar puncture	谢褞屑斜邪谢褜薪邪褟 锌褍薪泻褑懈褟	procedure
lumbar spine stretches	褉邪褋褌褟谐懈胁邪薪懈械 锌芯褟褋薪懈褔薪芯谐芯 芯褌写械谢邪 锌芯蟹胁芯薪芯褔薪懈泻邪	procedure
lumpectomy	谢邪屑锌褝泻褌芯屑懈褟	procedure
masako maneuver	屑邪薪械胁褉 屑邪褋邪泻芯	procedure
mastectomy	屑邪褋褌褝泻褌芯屑懈褟	procedure
meal planning	锌谢邪薪懈褉芯胁邪薪懈械 锌褉懈械屑芯屑 锌懈褖懈	procedure
medical treatment	屑械写懈褑懈薪褋泻芯械 谢械褔械薪懈械	procedure
mini-squats	屑懈薪懈-锌褉懈褋械写邪薪懈褟	procedure
nebulizer treatment	薪械斜褍谢邪泄蟹械褉薪邪褟 褌械褉邪锌懈褟	procedure
nit comb	谐褉械斜械薪褜 写谢褟 胁褘褔械褋褘胁邪薪懈褟 谐薪懈写	procedure
non-weight bearing	斜械蟹 薪邪谐褉褍蟹泻懈 薪邪 薪芯谐褍	procedure
occupational therapy	褌褉褍写芯胁邪褟 褌械褉邪锌懈褟	procedure
open appendectomy	芯褌泻褉褘褌邪褟 邪锌锌械薪写褝泻褌芯屑懈褟	procedure
open heart surgery	芯锌械褉邪褑懈褟 薪邪 芯褌泻褉褘褌芯屑 褋械褉写褑械	procedure
open procedure	芯褌泻褉褘褌邪褟 芯锌械褉邪褑懈褟	procedure
oxygen therapy	谢械褔械薪懈械 泻懈褋谢芯褉芯写芯屑	procedure
pain control	芯斜械蟹斜芯谢懈胁邪薪懈械	procedure
pain management	泻芯薪褌褉芯谢褜 斜芯谢懈	procedure
pain relief	褍薪褟褌褜 斜芯谢褜	procedure
pancreas imaging	芯斜褋谢械写芯胁邪薪懈械 锌芯写卸械谢褍写芯褔薪芯泄 卸械谢械蟹褘	procedure
partial weight bearing	褔邪褋褌懈褔薪邪褟 薪邪谐褉褍蟹泻邪	procedure
pelvic exam	谐懈薪械泻芯谢芯谐懈褔械褋泻懈泄 芯褋屑芯褌褉	procedure
pelvic exam	懈褋褋谢械写芯胁邪薪懈械 芯褉谐邪薪芯胁 屑邪谢芯谐芯 褌邪蟹邪	procedure
pelvic floor exercises	褍锌褉邪卸薪械薪懈褟 写谢褟 屑褘褕褑 褌邪蟹芯胁芯谐芯 写薪邪	procedure
pelvic tilt	薪邪泻谢芯薪褘 褌邪蟹邪	procedure
percussion	胁褘褋褌褍泻懈胁邪薪懈械	procedure
peri care	褍褏芯写 蟹邪 锌褉芯屑械卸薪芯褋褌褜褞	procedure
peritoneal dialysis	锌械褉懈褌芯薪械邪谢褜薪褘泄 写懈邪谢懈蟹	procedure
pessary	屑邪褌芯褔薪芯械 泻芯谢褜褑芯	procedure
physical exam	芯斜褋谢械写芯胁邪薪懈械	procedure
physical exercise	褎懈蟹懈褔械褋泻邪褟 邪泻褌懈胁薪芯褋褌褜	procedure
physical therapy	褎懈蟹懈褔械褋泻邪褟 褌械褉邪锌懈褟	procedure
physical therapy	褎懈蟹懈芯褌械褉邪锌懈褟	procedure
pneumococcal vaccine	胁邪泻褑懈薪邪褑懈褟 芯褌 锌薪械胁屑芯泻芯泻泻芯胁芯泄 懈薪褎械泻褑懈懈	procedure
pneumonia vaccine	锌褉懈胁懈胁泻邪 芯褌 锌薪械胁屑芯薪懈懈	procedure
postural drainage	锌芯褋褌褍褉邪谢褜薪褘泄 写褉械薪邪卸	procedure
prenatal care	写芯褉芯写芯胁芯械 芯斜褋谢械写芯胁邪薪懈械	procedure
prenatal care	胁械写械薪懈械 斜械褉械屑械薪薪芯褋褌懈	procedure
prenatal check ups	写芯褉芯写芯胁芯械 芯斜褋谢械写芯胁邪薪懈械	procedure
prenatal visit	锌芯褋械褖械薪懈械 卸械薪褋泻芯泄 泻芯薪褋褍谢褜褌邪褑懈懈	procedure
press ups	芯褌卸懈屑邪薪懈褟	procedure
press-ups	芯褌卸懈屑邪薪懈褟	procedure
pressure bandage	锌芯胁褟蟹泻邪	procedure
pressure bandage	写邪胁褟褖邪褟 锌芯胁褟蟹泻邪	procedure
ptca	褔褉械褋泻芯卸薪邪褟 褌褉邪薪褋谢褞屑懈薪邪谢褜薪邪褟 泻芯褉芯薪邪褉薪邪褟 邪薪谐懈芯锌谢邪褋褌懈泻邪	procedure
quad sets	褍锌褉邪卸薪械薪懈械 薪邪 屑褘褕褑褘 斜械写褉邪	procedure
quarter squat	褔械褌胁械褉褌褜 锌褉懈褋械写邪	procedure
quitting tobacco	芯褌泻邪蟹 芯褌 褌邪斜邪泻邪	procedure
radiation	芯斜谢褍褔械薪懈械	procedure
radiation therapy	谢褍褔械胁邪褟 褌械褉邪锌懈褟	procedure
radiation therapy	褉邪写懈芯褌械褉邪锌懈褟	procedure
range of motion	邪屑锌谢懈褌褍写邪 写胁懈卸械薪懈褟	procedure
range of motion	写懈邪锌邪蟹芯薪 写胁懈卸械薪懈褟	procedure
range of motion exercises	褍锌褉邪卸薪械薪懈褟 薪邪 邪屑锌谢懈褌褍写褍 写胁懈卸械薪懈褟	procedure
rectal exam	芯斜褋谢械写芯胁邪薪懈械 锌褉褟屑芯泄 泻懈褕泻懈	procedure
rehabilitation therapy	褉械邪斜懈谢懈褌邪褑懈芯薪薪邪褟 褌械褉邪锌懈褟	procedure
rescue breathing	懈褋泻褍褋褋褌胁械薪薪芯械 写褘褏邪薪懈械	procedure
self breast exam	褋邪屑芯褋褌芯褟褌械谢褜薪邪褟 锌褉芯胁械褉泻邪 谐褉褍写懈	procedure
short arc quads	褍锌褉邪卸薪械薪懈械 芦泻芯褉芯褌泻邪褟 写褍谐邪禄 薪邪 屑褘褕褑褘 斜械写褉邪	procedure
shoulder abduction	芯褌胁械写械薪懈械 锌谢械褔邪	procedure
shoulder external rotation	写胁懈卸械薪懈械 锌谢械褔邪 胁芯 胁薪械褕薪械屑 薪邪锌褉邪胁谢械薪懈懈	procedure
shoulder flexion	褋谐懈斜邪薪懈械 锌谢械褔邪	procedure
shoulder internal rotation	写胁懈卸械薪懈械 锌谢械褔邪 胁芯 胁薪褍褌褉械薪薪械屑 薪邪锌褉邪胁谢械薪懈懈	procedure
shoulder range of motion	锌芯写胁懈卸薪芯褋褌褜 锌谢械褔邪	procedure
shoulder sling	锌谢械褔械胁芯泄 斜邪薪写邪卸	procedure
shoulder strengthening	褍泻褉械锌谢械薪懈械 锌谢械褔邪	procedure
side clam	褉邪蟹胁械写械薪懈械 泻芯谢械薪械泄 谢械卸邪 薪邪 斜芯泻褍	procedure
side-lying position	锌芯谢芯卸械薪懈械 薪邪 斜芯泻褍	procedure
sigmoidoscopy	褉械泻褌芯褉芯屑邪薪芯褋泻芯锌懈褟	procedure
sitz bath	褋懈写褟褔邪褟 胁邪薪薪邪	procedure
speculum	蟹械褉泻邪谢芯	procedure
speculum	胁谢邪谐邪谢懈褖薪芯械 蟹械褉泻邪谢芯	procedure
spinal puncture	褋锌懈薪芯屑芯蟹谐芯胁邪褟 锌褍薪泻褑懈褟	procedure
spinal tap	锌芯褟褋薪懈褔薪褘泄 锌褉芯泻芯谢	procedure
splint	褕懈薪邪	procedure
sponge bath	谐懈谐懈械薪懈褔械褋泻懈泄 写褍褕 褋芯 褋屑芯褔械薪薪芯泄 谐褍斜泻芯泄	procedure
sponge bath	芯斜褌懈褉邪薪懈械 谐褍斜泻芯泄	procedure
sponge bath	锌褉芯褌懈褉邪薪懈械 胁谢邪卸薪芯泄 谐褍斜泻芯泄	procedure
stages of labor	褝褌邪锌褘 褉芯写芯胁	procedure
staples	褋泻芯斜褘	procedure
stent	褋褌械薪褌	procedure
stereotactic biopsy	褋褌械褉械芯褌邪泻褌懈褔械褋泻邪褟 斜懈芯锌褋懈褟	procedure
steri-strips	褋褌械褉懈谢褜薪褘械 锌芯谢芯褋泻懈	procedure
stitch	褕胁褘	procedure
stitches	褕胁褘	procedure
stomach surgery	芯锌械褉邪褑懈褟 薪邪 卸懈胁芯褌械	procedure
straight leg raise	锌芯写褗械屑 锌褉褟屑芯泄 薪芯谐懈	procedure
subcutaneous injection	锌芯写泻芯卸薪邪褟 懈薪褗械泻褑懈褟	procedure
subcutaneous injection	懈薪褗械泻褑懈褟 锌芯写 泻芯卸褍	procedure
subcutaneous injection	锌芯写泻芯卸薪褘泄 褍泻芯谢	procedure
support group	谐褉褍锌锌邪 锌芯写写械褉卸泻懈	procedure
surgery	芯锌械褉邪褑懈褟	procedure
surgery	褏懈褉褍褉谐懈褔械褋泻邪褟 芯锌械褉邪褑懈褟	procedure
surgery	褏懈褉褍褉谐懈褔械褋泻芯械 胁屑械褕邪褌械谢褜褋褌胁芯	procedure
swallowing check	锌褉芯胁械褉泻邪 谐谢芯褌邪薪懈褟	procedure
targeted therapy	褌邪褉谐械褌薪邪褟 褌械褉邪锌懈褟	procedure
therapy	锌褋懈褏芯谢芯谐懈褔械褋泻芯械 谢械褔械薪懈械	procedure
tissue biopsy	泻褍褋芯褔械泻 褌泻邪薪懈 写谢褟 邪薪邪谢懈蟹邪	procedure
toe curls	褏胁邪褌邪薪懈械 锌邪谢褜褑邪屑懈 薪芯谐	procedure
toe raises	锌芯写薪褟褌懈械 锌邪谢褜褑械胁 薪芯谐	procedure
tongue stretch	胁褘褌褟谐懈胁邪薪懈械 褟蟹褘泻邪	procedure
total hip replacement	锌芯谢薪邪褟 蟹邪屑械薪邪 褌邪蟹芯斜械写褉械薪薪芯谐芯 褋褍褋褌邪胁邪	procedure
total knee replacement	锌芯谢薪邪褟 蟹邪屑械薪邪 泻芯谢械薪薪芯谐芯 褋褍褋褌邪胁邪	procedure
touch down weight bearing	泻邪褋邪褌械谢褜薪邪褟 薪邪谐褉褍蟹泻邪	procedure
tracheostomy	褌褉邪褏械芯褋褌芯屑懈褟	procedure
transition	锌械褉械褏芯写薪邪褟 褎邪蟹邪	procedure
transplantation	褌褉邪薪褋锌谢邪薪褌邪褑懈褟	procedure
treadmill	斜械谐褍褖邪褟 写芯褉芯卸泻邪	procedure
tub bath	泻褍锌邪薪懈械 胁 胁邪薪薪械	procedure
tummy time	锌芯谢芯卸械薪懈械 薪邪 卸懈胁芯褌械	procedure
upper endoscopy	褝薪写芯褋泻芯锌懈褟 胁械褉褏薪懈褏 芯褌写械谢芯胁 卸泻褌	procedure
vaccinations	锌褉懈胁懈胁泻懈	procedure
vaccine injection	褍泻芯谢 锌褉懈胁懈胁泻懈	procedure
vaccines	锌褉懈胁懈胁泻懈	procedure
vaginal birth	胁邪谐懈薪邪谢褜薪褘械 褉芯写褘	procedure
vaginal delivery	胁谢邪谐邪谢懈褖薪芯械 褉芯写芯褉邪蟹褉械褕械薪懈械	procedure
vaginal estrogen therapy	谢芯泻邪谢褜薪邪褟 褌械褉邪锌懈褟 褝褋褌褉芯谐械薪邪屑懈	procedure
wall slide	褋泻芯谢褜卸械薪懈械 锌芯 褋褌械薪械	procedure
wall slide	锌褉懈褋械写邪薪懈褟 褋 褍锌芯褉芯屑 薪邪 褋褌械薪褍	procedure
warm compress	褌械锌谢褘泄 泻芯屑锌褉械褋褋	procedure
warm up	褉邪蟹屑懈薪泻邪	procedure
weight bearing	薪邪谐褉褍蟹泻邪 薪邪 薪芯谐褍	procedure
wireless capsule monitor	泻邪锌褋褍谢褜薪邪褟 褝薪写芯褋泻芯锌懈褟	procedure
wound healing	蟹邪卸懈胁谢械薪懈械 褉邪薪褘	procedure
wrist flexion and extension	褋谐懈斜邪薪懈械 懈 褉邪蟹谐懈斜邪薪懈械 蟹邪锌褟褋褌褜褟	procedure
wrist rotation	胁褉邪褖械薪懈械 蟹邪锌褟褋褌褜褟	procedure
abdominal cramping	褋锌邪蟹屑褘 胁 卸懈胁芯褌械	symptom
abdominal cramps	褋褏胁邪褌泻懈 胁 卸懈胁芯褌械	symptom
abdominal distension	胁蟹写褍褌懈械 卸懈胁芯褌邪	symptom
abdominal pain	斜芯谢褜 胁 卸懈胁芯褌械	symptom
abdominal pain	斜芯谢褜 胁 芯斜谢邪褋褌懈 卸懈胁芯褌邪	symptom
abdominal trauma	褌褉邪胁屑邪 卸懈胁芯褌邪	symptom
abnormal cells	邪褌懈锌懈褔薪褘械 泻谢械褌泻懈	symptom
abnormal signs	薪械芯斜褘褔薪褘械 褋懈屑锌褌芯屑褘	symptom
ache	谢芯屑芯褌邪	symptom
aching joints	斜芯谢褜 胁 褋褍褋褌邪胁邪褏	symptom
afterbirth pains	褋褏胁邪褌泻芯芯斜褉邪蟹薪褘械 斜芯谢懈 胁 卸懈胁芯褌械	symptom
afterbirth pains	斜芯谢懈 锌褉懈 胁褘褏芯写械 锌芯褋谢械写邪	symptom
aggressive behavior	邪谐褉械褋褋懈胁薪芯械 锌芯胁械写械薪懈械	symptom
agitation	斜械褋锌芯泻芯泄褋褌胁芯	symptom
airway collapse	褋屑褘泻邪薪懈械 写褘褏邪褌械谢褜薪褘褏 锌褍褌械泄	symptom
airway swelling	芯褌械泻 写褘褏邪褌械谢褜薪褘褏 锌褍褌械泄	symptom
allergic reaction	邪谢谢械褉谐懈褔械褋泻邪褟 褉械邪泻褑懈褟	symptom
allergies	邪谢谢械褉谐懈褔械褋泻懈械 褉械邪泻褑懈懈	symptom
alopecia	邪谢芯锌械褑懈褟	symptom
ankle swelling	芯褌械泻 谢芯写褘卸械泻	symptom
anxiety	褌褉械胁芯卸薪芯褋褌褜	symptom
anxiety	斜械褋锌芯泻芯泄褋褌胁芯	symptom
apnea	邪锌薪芯褝	symptom
appetite changes	懈蟹屑械薪械薪懈械 邪锌锌械褌懈褌邪	symptom
arm soreness	斜芯谢褜 胁 褉褍泻械	symptom
asthma attack	锌褉懈褋褌褍锌 邪褋褌屑褘	symptom
aura	邪褍褉邪	symptom
back pain	斜芯谢褜 胁 褋锌懈薪械	symptom
back pain	斜芯谢懈褌 褋锌懈薪邪	symptom
back strain	薪邪锌褉褟卸械薪懈械 褋锌懈薪褘	symptom
backache	斜芯谢褜 胁 褋锌懈薪械	symptom
bad dreams	薪芯褔薪褘械 泻芯褕屑邪褉褘	symptom
bad taste in mouth	薪械锌褉懈褟褌薪褘泄 锌褉懈胁泻褍褋 胁芯 褉褌褍	symptom
balance loss	锌芯褌械褉褟 褉邪胁薪芯胁械褋懈褟	symptom
balance problems	锌褉芯斜谢械屑褘 褋 褉邪胁薪芯胁械褋懈械屑	symptom
behavior problems	锌褉芯斜谢械屑褘 褋 锌芯胁械写械薪懈械屑	symptom
bitter taste	谐芯褉褜泻懈泄 锌褉懈胁泻褍褋	symptom
bladder control	泻芯薪褌褉芯谢褜 褉邪斜芯褌褘 屑芯褔械胁芯谐芯 锌褍蟹褘褉褟	symptom
bleeding	泻褉芯胁芯褌械褔械薪懈械	symptom
bleeding	泻褉芯胁芯褌芯褔懈褌褜	symptom
bleeding at the site	泻褉芯胁芯褌械褔械薪懈械 薪邪 屑械褋褌械 胁胁芯写邪	symptom
bleeding gums	泻褉芯胁芯褌械褔械薪懈械 写械褋械薪	symptom
bleeding problems	泻褉芯胁芯褌械褔械薪懈褟	symptom
blindness	褋谢械锌芯褌邪	symptom
blister	胁芯谢写褘褉褜	symptom
blisters	胁芯谢写褘褉懈	symptom
bloated	胁蟹写褍褌懈械	symptom
bloated	胁蟹写褍褌懈械 卸懈胁芯褌邪	symptom
bloating	胁蟹写褍褌懈械 卸懈胁芯褌邪	symptom
blood clots	褋谐褍褋褌泻懈 泻褉芯胁懈	symptom
blood in stool	泻褉芯胁褜 胁 褋褌褍谢械	symptom
blood in stool	褋谢械写褘 泻褉芯胁懈 胁 褋褌褍谢械	symptom
blood loss	锌芯褌械褉褟 泻褉芯胁懈	symptom
blood vessel swelling	褉邪褋褕懈褉械薪懈械 泻褉芯胁械薪芯褋薪褘褏 褋芯褋褍写芯胁	symptom
bloody show	芯褌褏芯卸写械薪懈械 褋谢懈蟹懈褋褌芯泄 锌褉芯斜泻懈	symptom
bloody urine	泻褉芯胁褜 胁 屑芯褔械	symptom
blue or gray skin color	泻芯卸邪 褋懈薪械谐芯 懈谢懈 褋械褉芯谐芯 褑胁械褌邪	symptom
blueness around mouth	锌芯褋懈薪械薪懈械 胁芯泻褉褍谐 褉褌邪	symptom
bluish-gray fingernails	锌芯褋懈薪械薪懈械 薪芯谐褌械泄	symptom
bluish-gray spots	褋懈薪械胁邪褌芯-褋械褉褘械 锌褟褌薪邪	symptom
blurred vision	褉邪蟹屑褘褌芯械 蟹褉械薪懈械	symptom
blurred vision	褉邪褋锌谢褘胁褔邪褌芯械 蟹褉械薪懈械	symptom
blurred vision	蟹邪褌褍屑邪薪械薪薪芯械 蟹褉械薪懈械	symptom
blurred vision	锌芯屑褍褌薪械薪懈械 蟹褉械薪懈褟	symptom
blurry vision	褉邪蟹屑褘褌芯械 蟹褉械薪懈械	symptom
blurry vision	蟹邪褌褍屑邪薪械薪薪芯械 蟹褉械薪懈械	symptom
body aches	斜芯谢褜 胁 褌械谢械	symptom
body aches	谢芯屑芯褌邪 胁 褌械谢械	symptom
boil	褎褍褉褍薪泻褍谢	symptom
bone loss	锌芯褌械褉褟 泻芯褋褌薪芯泄 屑邪褋褋褘	symptom
bone spurs	泻芯褋褌薪褘械 薪邪褉芯褋褌褘	symptom
bowel control	泻芯薪褌褉芯谢褜 褉邪斜芯褌褘 泻懈褕械褔薪懈泻邪	symptom
bowel habits	褉邪斜芯褌邪 泻懈褕械褔薪懈泻邪	symptom
bowel movement	芯锌芯褉芯卸薪械薪懈械 泻懈褕械褔薪懈泻邪	symptom
bowel movement	懈褋锌褉邪卸薪械薪懈械	symptom
bowel movement	褋褌褍谢	symptom
bowel movements	褋褌褍谢	symptom
brain bleeding	泻褉芯胁芯褌械褔械薪懈械 胁 屑芯蟹谐械	symptom
brain bruising	褍褕懈斜 谐芯谢芯胁薪芯谐芯 屑芯蟹谐邪	symptom
brain damage	锌芯胁褉械卸写械薪懈械 屑芯蟹谐邪	symptom
brain swelling	芯褌械泻 谐芯谢芯胁薪芯谐芯 屑芯蟹谐邪	symptom
brain tissue shrinkage	褍屑械薪褜褕械薪懈械 屑芯蟹谐芯胁芯泄 褌泻邪薪懈	symptom
braxton-hicks	褋褏胁邪褌泻懈 斜褉褝泻褋褌芯薪邪-褏懈泻褋邪	symptom
breast engorgement	蟹邪褋褌芯泄 屑芯谢芯泻邪	symptom
breast engorgement	薪邪谐褉褍斜邪薪懈械 屑芯谢芯褔薪褘褏 卸械谢械蟹	symptom
breast engorgement	锌褉懈斜褘胁邪薪懈械 屑芯谢芯泻邪	symptom
breast swelling	薪邪斜褍褏邪薪懈械 谐褉褍写懈	symptom
breast tenderness	褔褍胁褋褌胁懈褌械谢褜薪芯褋褌褜 谐褉褍写懈	symptom
breathing difficulty	蟹邪褌褉褍写薪械薪薪芯械 写褘褏邪薪懈械	symptom
breathing difficulty	褌褉褍写薪芯褋褌褜 写褘褏邪薪懈褟	symptom
breathing faster than normal	褍褔邪褖械薪薪芯械 写褘褏邪薪懈械	symptom
breathing problems	锌褉芯斜谢械屑褘 褋 写褘褏邪薪懈械屑	symptom
breathing problems	蟹邪褌褉褍写薪械薪懈械 写褘褏邪薪懈褟	symptom
breathing trouble	锌褉芯斜谢械屑褘 褋 写褘褏邪薪懈械屑	symptom
brittle bones	褏褉褍锌泻懈械 泻芯褋褌懈	symptom
brown urine	屑芯褔邪 泻芯褉懈褔薪械胁芯谐芯 褑胁械褌邪	symptom
bruised	褋懈薪械褌褜	symptom
bruised	褋 泻褉芯胁芯锌芯写褌械泻邪屑懈	symptom
bruised	泻褉芯胁芯锌芯写褌械泻懈	symptom
bruised spots	褋懈薪褟泻懈	symptom
bruising	泻褉芯胁芯锌芯写褌械泻懈	symptom
bruising	褋懈薪褟泻	symptom
bruising	泻褉芯胁芯锌芯写褌械泻	symptom
bruising	褋懈薪褟泻懈	symptom
burning	卸卸械薪懈械	symptom
burning pain	卸卸械薪懈械	symptom
burning sensation	卸卸械薪懈械	symptom
burning skin	芯卸芯谐懈 泻芯卸懈	symptom
burning when passing urine	卸卸械薪懈械 锌褉懈 屑芯褔械懈褋锌褍褋泻邪薪懈懈	symptom
callus	屑芯蟹芯谢褜	symptom
cancer-related fatigue	褍褌芯屑谢褟械屑芯褋褌褜, 褋胁褟蟹邪薪薪邪褟 褋 褉邪泻芯屑	symptom
canker sores	邪褎褌芯蟹薪褘泄 褋褌芯屑邪褌懈褌	symptom
cartilage breakdown	褉邪蟹褉褍褕械薪懈械 褏褉褟褖邪	symptom
cervical changes	懈蟹屑械薪械薪懈褟 褕械泄泻懈 屑邪褌泻懈	symptom
cervix dilation	褉邪褋泻褉褘褌懈械 褕械泄泻懈 屑邪褌泻懈	symptom
change in sleeping pattern	懈蟹屑械薪械薪懈械 褏邪褉邪泻褌械褉邪 褋薪邪	symptom
changes in behavior	懈蟹屑械薪械薪懈械 锌芯胁械写械薪懈褟	symptom
changes in bowel habits	懈蟹屑械薪械薪懈褟 胁 褉邪斜芯褌械 泻懈褕械褔薪懈泻邪	symptom
changes in taste and smell	懈蟹屑械薪械薪懈褟 胁泻褍褋邪 懈 蟹邪锌邪褏邪	symptom
chest congestion	蟹邪谢芯卸械薪薪芯褋褌褜 胁 谐褉褍写懈	symptom
chest pain	斜芯谢褜 胁 谐褉褍写懈	symptom
chest pressure	芯褖褍褖械薪懈械 褋写邪胁谢懈胁邪薪懈褟 胁 谐褉褍写懈	symptom
chest pressure	写邪胁谢械薪懈械 胁 谐褉褍写懈	symptom
chest pressure	褔褍胁褋褌胁芯 褋写邪胁谢懈胁邪薪懈褟 胁 谐褉褍写懈	symptom
chest pressure	褋写邪胁谢懈胁邪薪懈械 谐褉褍写懈	symptom
chest tightness	褋写邪胁谢械薪薪芯褋褌褜 胁 谐褉褍写薪芯泄 泻谢械褌泻械	symptom
chewing problems	锌褉芯斜谢械屑褘 褋 卸械胁邪薪懈械屑	symptom
chills	芯蟹薪芯斜	symptom
choking	褍写褍褕褜械	symptom
choking	蟹邪泻褍锌芯褉泻邪 写褘褏邪褌械谢褜薪褘褏 锌褍褌械泄	symptom
choking	锌芯锌械褉褏懈胁邪薪懈械	symptom
circulation problems	锌褉芯斜谢械屑褘 褋 泻褉芯胁芯芯斜褉邪褖械薪懈械屑	symptom
cloudy urine	屑褍褌薪邪褟 屑芯褔邪	symptom
cold hands and feet	褏芯谢芯写薪褘械 褉褍泻懈 懈 薪芯谐懈	symptom
cold hands or feet	褏芯谢芯写 胁 褉褍泻邪褏 懈谢懈 薪芯谐邪褏	symptom
cold sores	谐械褉锌械褋	symptom
coldness	褏芯谢芯写	symptom
colon cramping	泻懈褕械褔薪褘械 褋锌邪蟹屑褘	symptom
colon inflammation	胁芯褋锌邪谢械薪懈械 褌芯谢褋褌芯泄 泻懈褕泻懈	symptom
color changes	懈蟹屑械薪械薪懈械 褑胁械褌邪	symptom
concentration problems	锌褉芯斜谢械屑褘 褋 胁薪懈屑邪薪懈械屑	symptom
confused thoughts	锌芯屑褉邪褔械薪懈械 褋芯蟹薪邪薪懈褟	symptom
confusion	写械蟹芯褉懈械薪褌邪褑懈褟	symptom
confusion	褋锌褍褌邪薪薪芯褋褌褜 褋芯蟹薪邪薪懈褟	symptom
confusion	锌芯屑褍褌薪械薪懈械 褋芯蟹薪邪薪懈褟	symptom
confusion	褔褍胁褋褌胁芯 蟹邪屑械褕邪褌械谢褜褋褌胁邪	symptom
confusion	褉邪褋褌械褉褟薪薪芯褋褌褜	symptom
confusion about time and space	芯褉懈械薪褌邪褑懈械泄 胁芯 胁褉械屑械薪懈 懈 锌褉芯褋褌褉邪薪褋褌胁械	symptom
constant pain	锌芯褋褌芯褟薪薪邪褟 斜芯谢褜	symptom
constipation	蟹邪锌芯褉	symptom
contagious	蟹邪褉邪蟹薪褘泄	symptom
continuous cough	薪械锌褉械泻褉邪褖邪褞褖懈泄褋褟 泻邪褕械谢褜	symptom
contractions	褋褏胁邪褌泻懈	symptom
convulsions	泻芯薪胁褍谢褜褋懈懈	symptom
convulsions	褋褍写芯褉芯谐懈	symptom
coordination issues	锌褉芯斜谢械屑褘 褋 泻芯芯褉写懈薪邪褑懈械泄 写胁懈卸械薪懈泄	symptom
coordination issues	锌褉芯斜谢械屑褘 褋 泻芯芯褉写懈薪邪褑懈械泄	symptom
coordination problems	锌褉芯斜谢械屑褘 褋 泻芯芯褉写懈薪邪褑懈械泄	symptom
corn	泻芯褋褌薪邪褟 屑芯蟹芯谢褜	symptom
cough	泻邪褕械谢褜	symptom
cough that does not go away	泻邪褕械谢褜, 泻芯褌芯褉褘泄 薪械 锌褉芯褏芯写懈褌	symptom
cough up blood	褏邪褉泻邪褌褜 泻褉芯胁褜褞	symptom
coughing	泻邪褕械谢褜	symptom
coughing up blood	芯褌褏邪褉泻懈胁邪薪懈械 泻褉芯胁懈	symptom
cracked lips	锌芯褌褉械褋泻邪胁褕懈械褋褟 谐褍斜褘	symptom
cracked nipple	锌芯褌褉械褋泻邪胁褕懈泄褋褟 褋芯褋芯泻	symptom
cramping	褋锌邪蟹屑褘	symptom
cramping	褋锌邪蟹屑	symptom
cramping pain	褋锌邪蟹屑褘 懈 斜芯谢褜	symptom
cramps	褋锌邪蟹屑褘	symptom
crawling sensation	芯褖褍褖械薪懈械 锌芯泻邪谢褘胁邪薪懈褟	symptom
creeping sensation	芯褖褍褖械薪懈械 屑褍褉邪褕械泻	symptom
cross-eyed	泻芯褋芯谐谢邪蟹懈械	symptom
crying	锌谢邪褔	symptom
cyanosis	褋懈薪懈泄 懈谢懈 褋械褉褘泄 芯褌褌械薪芯泻	symptom
cyanosis	锌芯褋懈薪械薪懈械	symptom
daytime sleepiness	写薪械胁薪邪褟 褋芯薪谢懈胁芯褋褌褜	symptom
deafness	谐谢褍褏芯褌邪	symptom
decreased blood flow	褍屑械薪褜褕械薪懈械 锌褉懈褌芯泻邪 泻褉芯胁懈	symptom
decreased fetal movement	褋薪懈卸械薪懈械 写胁懈谐邪褌械谢褜薪芯泄 邪泻褌懈胁薪芯褋褌懈 锌谢芯写邪	symptom
deep cough	谐谢褍斜芯泻懈泄 泻邪褕械谢褜	symptom
deep sleep	泻褉械锌泻懈泄 褋芯薪	symptom
dehydrate	芯斜械蟹胁芯卸懈胁邪薪懈械	symptom
delayed stomach emptying	蟹邪写械褉卸泻邪 芯锌芯褉芯卸薪械薪懈褟 卸械谢褍写泻邪	symptom
diaper rash	芯锌褉械谢芯褋褌褜	symptom
diarrhea	锌芯薪芯褋	symptom
diarrhea	写懈邪褉械褟	symptom
dim vision	屑褍褌薪芯械 蟹褉械薪懈械	symptom
discomfort	写懈褋泻芯屑褎芯褉褌	symptom
disorientation	写械蟹芯褉懈械薪褌邪褑懈褟	symptom
dizziness	谐芯谢芯胁芯泻褉褍卸械薪懈械	symptom
dizzy	谐芯谢芯胁芯泻褉褍卸械薪懈械	symptom
double vision	写胁芯泄薪芯械 蟹褉械薪懈械	symptom
double vision	写胁芯械薪懈械 胁 谐谢邪蟹邪褏	symptom
drainage	胁褘写械谢械薪懈褟	symptom
drainage	胁褘写械谢械薪懈械	symptom
drainage from skin wounds	胁褘写械谢械薪懈褟 懈蟹 褉邪薪	symptom
drooling	芯斜懈谢褜薪芯械 褋谢褞薪芯芯褌写械谢械薪懈械	symptom
drooling	褋谢褞薪芯褌械褔械薪懈械	symptom
dry eyes	褋褍褏芯褋褌褜 谐谢邪蟹	symptom
dry mouth	褋褍褏芯褋褌褜 胁芯 褉褌褍	symptom
dull pain	褌褍锌邪褟 斜芯谢褜	symptom
dysphagia	蟹邪褌褉褍写薪械薪懈械 谐谢芯褌邪薪懈褟	symptom
dysuria	斜芯谢褜 锌褉懈 屑芯褔械懈褋锌褍褋泻邪薪懈懈	symptom
ear drainage	胁褘写械谢械薪懈褟 懈蟹 褍褏邪	symptom
ear fullness	蟹邪谢芯卸械薪薪芯褋褌褜 胁 褍褏械	symptom
ear pain	斜芯谢褜 胁 褍褕邪褏	symptom
ear pain	斜芯谢褜 胁 褍褏械	symptom
earache	褍褕薪邪褟 斜芯谢褜	symptom
early delivery	锌褉械卸写械胁褉械屑械薪薪褘械 褉芯写褘	symptom
eating problems	锌褉芯斜谢械屑褘 褋 锌褉懈械屑芯屑 锌懈褖懈	symptom
emotional changes	褝屑芯褑懈芯薪邪谢褜薪褘械 懈蟹屑械薪械薪懈褟	symptom
erectile dysfunction	褝褉械泻褌懈谢褜薪邪褟 写懈褋褎褍薪泻褑懈褟	symptom
excessive bleeding	褋懈谢褜薪芯械 泻褉芯胁芯褌械褔械薪懈械	symptom
excessive crying	褋谢懈褕泻芯屑 屑薪芯谐芯 锌谢邪褔械褌	symptom
excessive crying	褔褉械蟹屑械褉薪邪褟 锌谢邪泻褋懈胁芯褋褌褜	symptom
extreme thirst	褋懈谢褜薪邪褟 卸邪卸写邪	symptom
eye burns	卸卸械薪懈械 谐谢邪蟹	symptom
eye discharge	胁褘写械谢械薪懈褟 懈蟹 谐谢邪蟹	symptom
eye discomfort	写懈褋泻芯屑褎芯褉褌 胁 谐谢邪蟹邪褏	symptom
eye injury	锌芯胁褉械卸写械薪懈褟 谐谢邪蟹	symptom
eye motion under the lid	写胁懈卸械薪懈械 谐谢邪蟹 锌芯写 胁械泻邪屑懈	symptom
eye pain	斜芯谢褜 胁 谐谢邪蟹邪褏	symptom
faint	褋谢邪斜芯褋褌褜	symptom
fainting	芯斜屑芯褉芯泻懈	symptom
fainting	芯斜屑芯褉芯泻	symptom
fall asleep during the day	蟹邪褋褘锌邪薪懈械 胁 褌械褔械薪懈械 写薪褟	symptom
false labor	谢芯卸薪褘械 褋褏胁邪褌泻懈	symptom
fast breathing	芯写褘褕泻邪	symptom
fast heart beat	褍褔邪褖械薪薪芯械 褋械褉写褑械斜懈械薪懈械	symptom
fast heart beats	褍褋泻芯褉械薪薪芯械 褋械褉写褑械斜懈械薪懈械	symptom
faster heartbeat	褍褔邪褖械薪薪芯械 褋械褉写褑械斜懈械薪懈械	symptom
fatigue	褍褋褌邪谢芯褋褌褜	symptom
fatigue	褍褌芯屑谢褟械屑芯褋褌褜	symptom
fatigue	褔褍胁褋褌胁芯 褍褋褌邪谢芯褋褌懈	symptom
fatigue	褋懈谢褜薪邪褟 褍褋褌邪谢芯褋褌褜	symptom
feeding cues	锌褉懈蟹薪邪泻懈 谐芯谢芯写邪	symptom
feel very tired	懈褋锌褘褌褘胁邪褌褜 褋懈谢褜薪褍褞 褍褋褌邪谢芯褋褌褜	symptom
feeling dizzy	谐芯谢芯胁芯泻褉褍卸械薪懈械	symptom
feeling faint	褋谢邪斜芯褋褌褜	symptom
feeling hopeless	斜械蟹褘褋褏芯写薪芯褋褌褜	symptom
feeling sad	褔褍胁褋褌胁芯 谐褉褍褋褌懈	symptom
feeling short of breath	芯写褘褕泻邪	symptom
feeling tired	褔褍胁褋褌胁芯 褍褋褌邪谢芯褋褌懈	symptom
feeling very tired or weak	褋懈谢褜薪邪褟 褍褋褌邪谢芯褋褌褜 懈谢懈 褋谢邪斜芯褋褌褜	symptom
feeling worthless	褔褍胁褋褌胁芯 褋胁芯械泄 薪懈褔褌芯卸薪芯褋褌懈	symptom
fetal membranes rupture	锌芯胁褉械卸写械薪懈械 锌谢芯写薪褘褏 芯斜芯谢芯褔械泻	symptom
fetal movement	锌芯写胁懈卸薪芯褋褌褜 锌谢芯写邪	symptom
fever	卸邪褉	symptom
fever	谢懈褏芯褉邪写泻邪	symptom
fever	褌械屑锌械褉邪褌褍褉邪	symptom
fever	胁褘褋芯泻邪褟 褌械屑锌械褉邪褌褍褉邪	symptom
fever	锌芯胁褘褕械薪薪邪褟 褌械屑锌械褉邪褌褍褉邪	symptom
fever	锌芯胁褘褕械薪懈械 褌械屑锌械褉邪褌褍褉褘	symptom
fever and chills	胁褘褋芯泻邪褟 褌械屑锌械褉邪褌褍褉邪 懈 芯蟹薪芯斜	symptom
fevers	胁褘褋芯泻邪褟 褌械屑锌械褉邪褌褍褉邪	symptom
floaters	锌谢邪胁邪褞褖懈械 芯斜褗械泻褌褘	symptom
floating spots	锌谢邪胁邪褞褖懈械 褌芯褔泻懈 锌械褉械写 谐谢邪蟹邪屑懈	symptom
flu signs	褋懈屑锌褌芯屑褘 谐褉懈锌锌邪	symptom
fluid buildup	褋泻芯锌谢械薪懈械 卸懈写泻芯褋褌懈	symptom
fluttering	褍褔邪褖械薪薪芯械 褋械褉写褑械斜懈械薪懈械	symptom
foamy urine	锌械薪薪邪褟 屑芯褔邪	symptom
fragile bones	褏褉褍锌泻懈械 泻芯褋褌懈	symptom
gas	锌芯胁褘褕械薪薪芯械 谐邪蟹芯芯斜褉邪蟹芯胁邪薪懈械	symptom
gas pains	胁蟹写褍褌懈褟	symptom
gasping sounds	褌褟卸械谢芯械 写褘褏邪薪懈械	symptom
gray stools	褋褌褍谢 褋械褉芯谐芯 褑胁械褌邪	symptom
green mucus	蟹械谢械薪邪褟 屑芯泻褉芯褌邪	symptom
growth spurts	锌械褉懈芯写褘 褉械蟹泻芯谐芯 褍胁械谢懈褔械薪懈褟 褉芯褋褌邪	symptom
gum problems	锌褉芯斜谢械屑褘 褋 写械褋薪邪屑懈	symptom
hair dryness	褋褍褏芯褋褌褜 胁芯谢芯褋	symptom
hair loss	胁褘锌邪写械薪懈械 胁芯谢芯褋	symptom
hair loss	锌芯褌械褉褟 胁芯谢芯褋	symptom
hard stools	褌胁械褉写褘泄 褋褌褍谢	symptom
hazy vision	蟹邪褌褍屑邪薪懈胁邪薪懈械 蟹褉械薪懈褟	symptom
head congestion	芯褖褍褖械薪懈械 写邪胁谢械薪懈褟 胁 芯斜谢邪褋褌懈 谐芯谢芯胁褘	symptom
head injury	褌褉邪胁屑邪 谐芯谢芯胁褘	symptom
headache	谐芯谢芯胁薪邪褟 斜芯谢褜	symptom
headache and confusion	谐芯谢芯胁薪邪褟 斜芯谢褜 懈 褔褍胁褋褌胁芯 蟹邪屑械褕邪褌械谢褜褋褌胁邪	symptom
headaches	谐芯谢芯胁薪褘械 斜芯谢懈	symptom
hearing loss	褍褏褍写褕械薪懈械 褋谢褍褏邪	symptom
hearing problems	锌褉芯斜谢械屑褘 褋芯 褋谢褍褏芯屑	symptom
heart beating fast	褍褔邪褖械薪薪芯械 褋械褉写褑械斜懈械薪懈械	symptom
heart palpitations	褍褔邪褖械薪薪芯械 褋械褉写褑械斜懈械薪懈械	symptom
heart problems	锌褉芯斜谢械屑褘 褋 褋械褉写褑械屑	symptom
heart rate changes	懈蟹屑械薪械薪懈械 褋械褉写械褔薪芯谐芯 褉懈褌屑邪	symptom
heartburn	懈蟹卸芯谐邪	symptom
heartburn	卸卸械薪懈械 胁 芯斜谢邪褋褌懈 褋械褉写褑邪	symptom
heat cramps	褌械锌谢芯胁褘械 褋褍写芯褉芯谐懈	symptom
heavy bleeding	褋懈谢褜薪芯械 泻褉芯胁芯褌械褔械薪懈械	symptom
heavy menstrual periods	芯斜懈谢褜薪褘械 屑械薪褋褌褉褍邪褑懈懈	symptom
hematuria	泻褉芯胁褜 胁 屑芯褔械	symptom
hemoptysis	芯褌褏邪褉泻懈胁邪薪懈械 泻褉芯胁懈	symptom
hemoptysis	褏邪褉泻邪薪褜械 褋 泻褉芯胁褜褞	symptom
hiccups	懈泻芯褌邪	symptom
high blood pressure	锌芯胁褘褕械薪薪芯械 邪褉褌械褉懈邪谢褜薪芯械 写邪胁谢械薪懈械	symptom
high blood sugar	锌芯胁褘褕械薪薪褘泄 褍褉芯胁械薪褜 褋邪褏邪褉邪 胁 泻褉芯胁懈	symptom
high blood sugar	胁褘褋芯泻懈泄 褍褉芯胁械薪褜 褋邪褏邪褉邪 胁 泻褉芯胁懈	symptom
high blood sugar	锌芯胁褘褕械薪薪芯械 褋芯写械褉卸邪薪懈械 褋邪褏邪褉邪 胁 泻褉芯胁懈	symptom
hives	泻褉邪锌懈胁薪懈褑邪	symptom
hoarse voice	褏褉懈锌谢褘泄 谐芯谢芯褋	symptom
hopelessness	斜械蟹薪邪写械卸薪芯褋褌褜	symptom
hopelessness	褔褍胁褋褌胁芯 斜械蟹薪邪写械卸薪芯褋褌懈	symptom
hot flashes	锌褉懈谢懈胁褘	symptom
hypoglycemia unawareness	薪械芯褋胁械写芯屑谢械薪薪芯褋褌褜 芯 谐懈锌芯谐谢懈泻械屑懈懈	symptom
impotence	懈屑锌芯褌械薪褑懈褟	symptom
inability to move an arm or leg	薪械胁芯蟹屑芯卸薪芯褋褌褜 锌芯褕械胁械谢懈褌褜 泻芯薪械褔薪芯褋褌褟屑懈	symptom
incision drainage	胁褘写械谢械薪懈褟 懈蟹 褕胁邪	symptom
incision pain	斜芯谢褜 胁 芯斜谢邪褋褌懈 褉邪蟹褉械蟹邪	symptom
incision swelling	芯褌械泻 褕胁芯胁	symptom
incision swelling	芯褌械泻 胁 芯斜谢邪褋褌懈 褕胁邪	symptom
increased hunger	锌芯胁褘褕械薪薪芯械 褔褍胁褋褌胁芯 谐芯谢芯写邪	symptom
increased urine output	锌芯胁褘褕械薪薪芯械 胁褘写械谢械薪懈械 屑芯褔懈	symptom
indigestion	薪邪褉褍褕械薪懈械 锌懈褖械胁邪褉械薪懈褟	symptom
indigestion	锌褉芯斜谢械屑褘 褋 锌懈褖械胁邪褉械薪懈械屑	symptom
infection signs	锌褉懈蟹薪邪泻懈 懈薪褎械泻褑懈懈	symptom
inflamed throat	胁芯褋锌邪谢械薪懈械 谐芯褉谢邪	symptom
injured foot	褌褉邪胁屑懈褉芯胁邪薪薪邪褟 薪芯谐邪	symptom
intraocular pressure	胁薪褍褌褉懈谐谢邪蟹薪芯械 写邪胁谢械薪懈械	symptom
irregular heart beat	薪械褉芯胁薪芯械 褋械褉写褑械斜懈械薪懈械	symptom
irregular heart beat	薪械褉邪胁薪芯屑械褉薪芯械 褋械褉写褑械斜懈械薪懈械	symptom
irregular heart beats	薪械褉械谐褍谢褟褉薪芯械 褋械褉写褑械斜懈械薪懈械	symptom
irregular heartbeat	薪械褉械谐褍谢褟褉薪褘泄 懈屑锌褍谢褜褋	symptom
irregular heartbeats	薪械褉械谐褍谢褟褉薪芯械 褋械褉写褑械斜懈械薪懈械	symptom
irritability	褉邪蟹写褉邪卸懈褌械谢褜薪芯褋褌褜	symptom
irritable	褉邪蟹写褉邪卸懈褌械谢褜薪芯褋褌褜	symptom
irritated throat	褉邪蟹写褉邪卸械薪懈械 谐芯褉谢邪	symptom
itching	蟹褍写	symptom
itchy nose	蟹褍写 胁 薪芯褋褍	symptom
itchy skin	蟹褍写 薪邪 泻芯卸械	symptom
itchy throat	锌械褉褕械薪懈械 胁 谐芯褉谢械	symptom
jaundice	锌芯卸械谢褌械薪懈械	symptom
joint enlargement	褍胁械谢懈褔械薪懈械 褋褍褋褌邪胁邪	symptom
joint inflammation	胁芯褋锌邪谢械薪懈械 褋褍褋褌邪胁芯胁	symptom
joint injury	褌褉邪胁屑褘 褋褍褋褌邪胁芯胁	symptom
joint instability	薪械褋褌邪斜懈谢褜薪芯褋褌褜 褋褍褋褌邪胁邪	symptom
joint pain	斜芯谢褜 胁 褋褍褋褌邪胁邪褏	symptom
joint pain	斜芯谢褜 胁 褋褍褋褌邪胁械	symptom
joint stiffness	褋泻芯胁邪薪薪芯褋褌褜 褋褍褋褌邪胁邪	symptom
joint swelling	芯锌褍褏邪薪懈械 褋褍褋褌邪胁邪	symptom
lack energy	薪械褏胁邪褌泻邪 褋懈谢	symptom
lack of appetite	芯褌褋褍褌褋褌胁懈械 邪锌锌械褌懈褌邪	symptom
lack of breathing	锌褉械泻褉邪褖械薪懈械 写褘褏邪薪懈褟	symptom
lack of energy	褍锌邪写芯泻 褋懈谢	symptom
lack of hunger	芯褌褋褍褌褋褌胁懈械 邪锌锌械褌懈褌邪	symptom
lack of oxygen	泻懈褋谢芯褉芯写薪芯械 谐芯谢芯写邪薪懈械	symptom
lack of sex drive	芯褌褋褍褌褋褌胁懈械 褋械泻褋褍邪谢褜薪芯谐芯 胁谢械褔械薪懈褟	symptom
large baby	褍胁械谢懈褔械薪懈械 锌谢芯写邪	symptom
learning problems	锌褉芯斜谢械屑褘 褋 芯斜褍褔械薪懈械屑	symptom
leg cramps	褋锌邪蟹屑褘 胁 薪芯谐邪褏	symptom
leg discomfort	写懈褋泻芯屑褎芯褉褌 薪芯谐	symptom
light headed	褋谢邪斜芯褋褌褜	symptom
light sensitivity	褔褍胁褋褌胁懈褌械谢褜薪芯褋褌褜 泻 褋胁械褌褍	symptom
light-headed	谐芯谢芯胁芯泻褉褍卸械薪懈械	symptom
lightheaded	锌芯屑褍褌薪械薪懈械 褋芯蟹薪邪薪懈褟	symptom
lightheaded	谐芯谢芯胁芯泻褉褍卸械薪懈械 锌褉懈 胁褋褌邪胁邪薪懈懈	symptom
lightheaded	谢械谐泻芯褋褌褜 胁 谐芯谢芯胁械	symptom
lightheaded	谐芯谢芯胁芯泻褉褍卸械薪懈械	symptom
lightheadedness	谐芯谢芯胁芯泻褉褍卸械薪懈械	symptom
limb loss	锌芯褌械褉褟 泻芯薪械褔薪芯褋褌懈	symptom
limited joint use	芯谐褉邪薪懈褔械薪薪邪褟 锌芯写胁懈卸薪芯褋褌褜 褋褍褋褌邪胁邪	symptom
lochia	谢芯褏懈懈	symptom
lose balance	锌芯褌械褉褟褌褜 褉邪胁薪芯胁械褋懈械	symptom
loss of appetite	锌芯褌械褉褟 邪锌锌械褌懈褌邪	symptom
loss of appetite	芯褌褋褍褌褋褌胁懈械 邪锌锌械褌懈褌邪	symptom
loss of awareness	锌芯褌械褉褟 锌褋懈褏懈褔械褋泻芯泄 芯褉懈械薪褌懈褉芯胁邪薪薪芯褋褌懈	symptom
loss of balance	薪邪褉褍褕械薪懈械 褉邪胁薪芯胁械褋懈褟	symptom
loss of central vision	锌芯褌械褉褟 褑械薪褌褉邪谢褜薪芯谐芯 蟹褉械薪懈褟	symptom
loss of communication ability	锌芯褌械褉褟 褋锌芯褋芯斜薪芯褋褌懈 芯斜褖邪褌褜褋褟	symptom
loss of consciousness	锌芯褌械褉褟 褋芯蟹薪邪薪懈褟	symptom
loss of energy	褍锌邪写芯泻 褋懈谢	symptom
loss of feeling	锌芯褌械褉褟 褔褍胁褋褌胁懈褌械谢褜薪芯褋褌懈	symptom
loss of height	锌芯褌械褉褟 胁械褋邪	symptom
loss of interest	锌芯褌械褉褟 懈薪褌械褉械褋邪	symptom
loss of interest in sex	锌芯褌械褉褟 懈薪褌械褉械褋邪 泻 褋械泻褋褍	symptom
loss of memory	锌芯褌械褉褟 锌邪屑褟褌懈	symptom
loss of peripheral vision	锌芯褌械褉褟 斜芯泻芯胁芯谐芯 蟹褉械薪懈褟	symptom
loss of sense of smell	锌芯褌械褉褟 芯斜芯薪褟薪懈褟	symptom
loud snoring	谐褉芯屑泻懈泄 褏褉邪锌	symptom
low blood cell count	薪懈蟹泻芯械 褔懈褋谢芯 泻褉芯胁褟薪褘褏 泻谢械褌芯泻	symptom
low blood sugar	薪懈蟹泻懈泄 褍褉芯胁械薪褜 褋邪褏邪褉邪 胁 泻褉芯胁懈	symptom
low estrogen levels	薪懈蟹泻懈泄 褍褉芯胁械薪褜 褝褋褌褉芯谐械薪邪	symptom
low sodium	薪懈蟹泻懈泄 褍褉芯胁械薪褜 薪邪褌褉懈褟	symptom
lower back pain	斜芯谢褜 胁 锌芯褟褋薪懈褑械	symptom
lower back pressure	写邪胁谢械薪懈械 胁 薪懈卸薪械泄 褔邪褋褌懈 褋锌懈薪褘	symptom
lump	锌褉懈锌褍褏谢芯褋褌褜	symptom
lump	薪芯胁芯芯斜褉邪蟹芯胁邪薪懈械	symptom
memory loss	锌芯褌械褉褟 锌邪屑褟褌懈	symptom
memory loss	锌褉芯斜谢械屑褘 褋 锌邪屑褟褌褜褞	symptom
metallic taste	屑械褌邪谢谢懈褔械褋泻懈泄 锌褉懈胁泻褍褋	symptom
mild cramping	谢械谐泻懈械 褋褍写芯褉芯谐懈	symptom
mood changes	懈蟹屑械薪械薪懈褟 薪邪褋褌褉芯械薪懈褟	symptom
mood swings	褋屑械薪邪 薪邪褋褌褉芯械薪懈褟	symptom
mood swings	锌械褉械锌邪写褘 薪邪褋褌褉芯械薪懈褟	symptom
morning sickness	褌芯泻褋懈泻芯蟹	symptom
mouth sores	褟蟹胁褘 胁 褉芯褌芯胁芯泄 锌芯谢芯褋褌懈	symptom
mouth sores	斜芯谢褜 胁芯 褉褌褍	symptom
mouth sores	褟蟹胁褘 胁芯 褉褌褍	symptom
mouth ulcers	褟蟹胁褘 胁芯 褉褌褍	symptom
mucus	褋谢懈蟹褜	symptom
mucus	屑芯泻褉芯褌邪	symptom
mucus plug	褋谢懈蟹懈褋褌邪褟 锌褉芯斜泻邪	symptom
mucus with bowel movements	褋谢懈蟹褜 胁 泻邪谢芯胁褘褏 屑邪褋褋邪褏	symptom
mumbled speech	薪械胁薪褟褌薪邪褟 褉械褔褜	symptom
muscle aches	斜芯谢褜 胁 屑褘褕褑邪褏	symptom
muscle aches	屑褘褕械褔薪褘械 斜芯谢懈	symptom
muscle cramps	褋锌邪蟹屑 屑褘褕褑	symptom
muscle loss	锌芯褌械褉褟 屑褘褕械褔薪芯泄 屑邪褋褋褘	symptom
muscle pain	斜芯谢褜 胁 屑褘褕褑邪褏	symptom
muscle spasms	褋锌邪蟹屑褘 屑褘褕褑	symptom
muscle tension	薪邪锌褉褟卸械薪懈械 屑褘褕褑	symptom
muscle twitch	锌芯写械褉谐懈胁邪薪懈械 屑褘褕褑褘	symptom
muscle weakness	褋谢邪斜芯褋褌褜 屑褘褕褑	symptom
muscle weakness	屑褘褕械褔薪邪褟 褋谢邪斜芯褋褌褜	symptom
narrow stools	褌芯薪泻懈泄 褋褌褍谢	symptom
narrowed blood vessels	褋褍蟹懈胁褕懈械褋褟 泻褉芯胁械薪芯褋薪褘械 褋芯褋褍写褘	symptom
nasal discharge	胁褘写械谢械薪懈褟 懈蟹 薪芯褋邪	symptom
nasal drainage	胁褘写械谢械薪懈褟 懈蟹 薪芯褋邪	symptom
nausea	褌芯褕薪芯褌邪	symptom
nausea and vomiting	褌芯褕薪芯褌邪 懈 褉胁芯褌邪	symptom
nausea or vomiting	褌芯褕薪芯褌邪 懈谢懈 褉胁芯褌邪	symptom
neck pain	斜芯谢褜 胁 褕械械	symptom
neck stiffness	褋泻芯胁邪薪薪芯褋褌褜 胁 褕械械	symptom
night sweats	锌芯褌芯芯褌写械谢械薪懈械 胁芯 胁褉械屑褟 褋薪邪	symptom
night sweats	薪芯褔薪邪褟 锌芯褌谢懈胁芯褋褌褜	symptom
night sweats	锌芯褌芯芯褌写械谢械薪懈械 薪芯褔褜褞	symptom
nipple soreness	斜芯谢懈 胁 褋芯褋泻邪褏	symptom
not breathing	薪械 写褘褕懈褌	symptom
numb	薪械屑械褌褜	symptom
numbness	芯薪械屑械薪懈械	symptom
numbness in feet or hands	芯薪械屑械薪懈械 褋褌芯锌 懈谢懈 褉褍泻	symptom
numbness or tingling	芯薪械屑械薪懈械 懈谢懈 锌芯泻邪谢褘胁邪薪懈械	symptom
outbursts of emotion	褉械蟹泻邪褟 褋屑械薪邪 褝屑芯褑懈芯薪邪谢褜薪芯谐芯 褋芯褋褌芯褟薪懈褟	symptom
overweight	谢懈褕薪懈泄 胁械褋	symptom
pain	斜芯谢褜	symptom
pain and stiffness	斜芯谢褜 懈 褋泻芯胁邪薪薪芯褋褌褜	symptom
pain and swelling	斜芯谢褜 懈 锌褉懈锌褍褏谢芯褋褌褜	symptom
pain when passing urine	斜芯谢褜 锌褉懈 屑芯褔械懈褋锌褍褋泻邪薪懈懈	symptom
painful intercourse	斜芯谢械蟹薪械薪薪褘泄 锌芯谢芯胁芯泄 邪泻褌	symptom
painful intercourse	斜芯谢褜 胁芯 胁褉械屑褟 褋械泻褋邪	symptom
pale skin	斜谢械写薪芯褋褌褜 泻芯卸懈	symptom
pale skin	斜谢械写薪邪褟 泻芯卸邪	symptom
pale skin	斜谢械写薪褘械 泻芯卸薪褘械 锌芯泻褉芯胁褘	symptom
paleness	斜谢械写薪芯褋褌褜	symptom
peeling skin	褕械谢褍褕邪褖邪褟褋褟 泻芯卸邪	symptom
persistent cough	泻邪褕械谢褜, 泻芯褌芯褉褘泄 薪械 锌褉芯褏芯写懈褌	symptom
polyuria	褔邪褋褌褘械 锌芯蟹褘胁褘 泻 屑芯褔械懈褋锌褍褋泻邪薪懈褞	symptom
poor appetite	锌谢芯褏芯泄 邪锌锌械褌懈褌	symptom
poor appetite	锌芯褌械褉褟 邪锌锌械褌懈褌邪	symptom
poor blood flow	锌谢芯褏芯械 泻褉芯胁芯芯斜褉邪褖械薪懈械	symptom
poor circulation	锌褉芯斜谢械屑褘 褋 泻褉芯胁芯芯斜褉邪褖械薪懈械屑	symptom
poor coordination	褉邪褋褋褌褉芯泄褋褌胁邪 泻芯芯褉写懈薪邪褑懈懈	symptom
poor decision making	褋锌芯褋芯斜薪芯褋褌褜褞 锌褉懈薪懈屑邪褌褜 褉械褕械薪懈褟	symptom
poor judgment	薪械邪写械泻胁邪褌薪芯褋褌褜 褋褍卸写械薪懈泄	symptom
poor memory	锌褉芯斜谢械屑褘 褋 锌邪屑褟褌褜褞	symptom
poor muscle control	褋谢邪斜褘泄 泻芯薪褌褉芯谢褜 薪邪写 屑褘褕褑邪屑懈	symptom
poor posture	薪械锌褉邪胁懈谢褜薪邪褟 芯褋邪薪泻邪	symptom
pregnant	斜械褉械屑械薪薪邪	symptom
pregnant	斜械褉械屑械薪薪褘	symptom
pressure in lower belly	写邪胁谢械薪懈械 胁薪懈蟹褍 卸懈胁芯褌邪	symptom
problems with breathing	蟹邪褌褉褍写薪械薪薪芯械 写褘褏邪薪懈械	symptom
problems with movement	蟹邪褌褉褍写薪械薪懈褟 锌褉懈 褏芯写褜斜械	symptom
problems with speech	蟹邪褌褉褍写薪械薪懈褟 褉械褔懈	symptom
pus	谐薪芯泄	symptom
pus drainage	谐薪芯泄薪褘械 胁褘写械谢械薪懈褟	symptom
rapid and strong pulse	褍褋泻芯褉械薪薪褘泄 懈 褋懈谢褜薪褘泄 锌褍谢褜褋	symptom
rash	褋褘锌褜	symptom
rectal bleeding	泻褉芯胁芯褌械褔械薪懈械 懈蟹 锌褉褟屑芯泄 泻懈褕泻懈	symptom
rectal pressure	芯褖褍褖械薪懈械 褉械泻褌邪谢褜薪芯谐芯 写邪胁谢械薪懈褟	symptom
rectum pressure	写邪胁谢械薪懈械 胁 锌褉褟屑芯泄 泻懈褕泻械	symptom
red marks	泻褉邪褋薪褘械 锌褟褌薪邪	symptom
red patches	褍褔邪褋褌泻懈 锌芯泻褉邪褋薪械薪懈褟 泻芯卸懈	symptom
red skin	锌芯泻褉邪褋薪械薪懈械 泻芯卸懈	symptom
redness	泻褉邪褋薪芯褌邪	symptom
redness	锌芯泻褉邪褋薪械薪懈械	symptom
redness and swelling	锌芯泻褉邪褋薪械薪懈械 懈谢懈 芯褌械泻	symptom
redness around joint	锌芯泻褉邪褋薪械薪懈械 泻芯卸懈 芯泻芯谢芯 褋褍褋褌邪胁邪	symptom
redness at incision	锌芯泻褉邪褋薪械薪懈械 胁 芯斜谢邪褋褌懈 褕胁邪	symptom
respiratory distress	褌褉褍写薪芯 写褘褕邪褌褜	symptom
restful sleep	褋锌芯泻芯泄薪褘泄 褋芯薪	symptom
restlessness	斜械褋锌芯泻芯泄褋褌胁芯	symptom
ringing in the ear	蟹胁芯薪 胁 褍褏械	symptom
runny nose	薪邪褋屑芯褉泻	symptom
rupture of membranes	褉邪蟹褉褘胁 芯泻芯谢芯锌谢芯写薪褘褏 芯斜芯谢芯褔械泻	symptom
sadness	谐褉褍褋褌褜	symptom
saliva reduction	褍屑械薪褜褕械薪懈械 褋谢褞薪芯芯褌写械谢械薪懈褟	symptom
scalp sores	褟蟹胁褘 薪邪 泻芯卸械 谐芯谢芯胁褘	symptom
seizure	锌褉懈锌邪写芯泻	symptom
seizure	褋褍写芯褉芯谐懈	symptom
seizure with fever	谢懈褏芯褉邪写泻邪 褋 锌褉懈锌邪写泻芯屑	symptom
seizures	褋褍写芯褉芯谐懈	symptom
severe headache	褋懈谢褜薪邪褟 谐芯谢芯胁薪邪褟 斜芯谢褜	symptom
severe headaches	褋懈谢褜薪邪褟 谐芯谢芯胁薪邪褟 斜芯谢褜	symptom
severe problems swallowing	褋械褉褜械蟹薪褘械 锌褉芯斜谢械屑褘 锌褉懈 谐谢芯褌邪薪懈懈	symptom
severe weakness	褋懈谢褜薪邪褟 褋谢邪斜芯褋褌褜	symptom
shaking of the body	褋褍写芯褉芯谐懈	symptom
shaky	写褉芯卸褜	symptom
shaky	褌褉褟褋械褌	symptom
sharp pain	芯褋褌褉邪褟 斜芯谢褜	symptom
shortness of breath	芯写褘褕泻邪	symptom
shortness of breath	蟹邪褌褉褍写薪械薪薪芯械 写褘褏邪薪懈械	symptom
shortness of breath	蟹邪褌褉褍写薪械薪懈械 写褘褏邪薪懈褟	symptom
shoulder pain	斜芯谢褜 胁 锌谢械褔邪褏	symptom
side effects	锌芯斜芯褔薪褘械 褝褎褎械泻褌褘	symptom
sinus headache	褋懈薪褍褋芯胁邪褟 谐芯谢芯胁薪邪褟 斜芯谢褜	symptom
sinus pressure	蟹邪谢芯卸械薪薪芯褋褌褜 薪芯褋芯胁褘褏 锌邪蟹褍褏	symptom
skin blister	胁芯谢写褘褉懈	symptom
skin blisters	锌褍蟹褘褉褜泻懈 薪邪 泻芯卸械	symptom
skin breaks	锌芯褟胁谢械薪懈械 薪邪 泻芯卸械 褟蟹胁	symptom
skin burning	芯褖褍褖械薪懈械 卸卸械薪懈褟 薪邪 泻芯卸械	symptom
skin burns	卸卸械薪懈械 泻芯卸懈	symptom
skin dryness	褋褍褏芯褋褌褜 泻芯卸懈	symptom
skin irritation	褉邪蟹写褉邪卸械薪懈械 泻芯卸懈	symptom
skin itching	蟹褍写 薪邪 泻芯卸械	symptom
skin lesion	锌芯褉邪卸械薪懈械 泻芯卸懈	symptom
skin rash	褋褘锌褜	symptom
skin rashes	褋褘锌褜 薪邪 泻芯卸械	symptom
skin rashes	褋褘锌褜	symptom
skin redness	锌芯泻褉邪褋薪械薪懈械 泻芯卸懈	symptom
skin wound	泻芯卸薪邪褟 褉邪薪邪	symptom
skipped heart beats	锌褉芯锌褍褋泻 褋械褉写械褔薪芯谐芯 褍写邪褉邪	symptom
skipped heart beats	锌褉芯锌褍褖械薪薪褘械 褍写邪褉褘 褋械褉写褑邪	symptom
skipped heartbeats	锌褉芯锌褍褋泻 褋械褉写褑械斜懈械薪懈褟	symptom
sleep changes	懈蟹屑械薪械薪懈褟 胁 褋芯褋褌芯褟薪懈懈 褋薪邪	symptom
sleep disturbances	薪邪褉褍褕械薪懈褟 褋薪邪	symptom
sleep problems	锌褉芯斜谢械屑褘 褋芯 褋薪芯屑	symptom
sleepiness	褋芯薪谢懈胁芯褋褌褜	symptom
slow healing	屑械写谢械薪薪芯 蟹邪卸懈胁邪褞褖懈械 褉邪薪褘	symptom
slow healing of wounds	屑械写谢械薪薪芯械 蟹邪卸懈胁谢械薪懈械 褉邪薪	symptom
sneezing	褔懈褏邪薪褜械	symptom
sneezing	褔懈褏邪薪懈械	symptom
sore gums	斜芯谢械蟹薪械薪薪芯褋褌褜 写械褋械薪	symptom
sore mouth	褟蟹胁褘 胁芯 褉褌褍	symptom
sore mouth	褋褌芯屑邪褌懈褌	symptom
sore nose	斜芯谢褜 胁 薪芯褋褍	symptom
sore throat	斜芯谢褜 胁 谐芯褉谢械	symptom
soreness	斜芯谢械蟹薪械薪薪褘械 芯褖褍褖械薪懈褟	symptom
sores	褟蟹胁褘	symptom
sores in the mouth	褟蟹胁褘 胁 锌芯谢芯褋褌懈 褉褌邪	symptom
speech problems	锌褉芯斜谢械屑褘 褋 褉械褔褜褞	symptom
spitting up	褋褉褘谐懈胁邪薪懈械	symptom
staring spells	锌褉懈褋褌邪谢褜薪褘泄 胁蟹谐谢褟写	symptom
stiff neck	蟹邪褌胁械褉写械薪懈械 蟹邪褌褘谢芯褔薪褘褏 屑褘褕褑	symptom
stiff neck	褌胁械褉写邪褟 褕械褟	symptom
stiffness	褋泻芯胁邪薪薪芯褋褌褜	symptom
stomach pain	斜芯谢褜 胁 卸械谢褍写泻械	symptom
stomach problems	卸械谢褍写芯褔薪褘械 锌褉芯斜谢械屑褘	symptom
stomach spasms	褋褍写芯褉芯谐懈 胁 芯斜谢邪褋褌懈 卸懈胁芯褌邪	symptom
stomachaches	斜芯谢懈 胁 卸懈胁芯褌械	symptom
stool	褋褌褍谢	symptom
stooped posture	褋褍褌褍谢芯褋褌褜	symptom
straining	薪邪锌褉褟卸械薪懈械 锌褉懈 写械褎械泻邪褑懈懈	symptom
stress	褋褌褉械褋褋	symptom
stuffy nose	蟹邪谢芯卸械薪薪芯褋褌褜 薪芯褋邪	symptom
sudden urge to urinate	胁薪械蟹邪锌薪褘泄 锌芯蟹褘胁 泻 屑芯褔械懈褋锌褍褋泻邪薪懈褞	symptom
suffocation	褍写褍褕褜械	symptom
suicidal thoughts	屑褘褋谢懈 芯 褋邪屑芯褍斜懈泄褋褌胁械	symptom
swallowing problem	锌褉芯斜谢械屑褘 褋 谐谢芯褌邪薪懈械屑	symptom
swallowing problems	蟹邪褌褉褍写薪械薪薪芯械 谐谢芯褌邪薪懈械	symptom
swallowing problems	锌褉芯斜谢械屑褘 谐谢芯褌邪薪懈褟	symptom
swallowing problems	锌褉芯斜谢械屑褘 褋 谐谢芯褌邪薪懈械屑	symptom
sweating	褍褋懈谢械薪薪芯械 锌芯褌芯芯褌写械谢械薪懈械	symptom
sweating	锌芯褌芯芯褌写械谢械薪懈械	symptom
sweating	锌芯胁褘褕械薪薪芯械 锌芯褌芯芯褌写械谢械薪懈械	symptom
sweats	锌芯褌芯芯褌写械谢械薪懈械	symptom
swelling	芯锌褍褏邪薪懈械	symptom
swelling	锌褉懈锌褍褏谢芯褋褌褜	symptom
swelling	芯锌褍褏芯谢褜	symptom
swelling	芯褌械泻	symptom
swelling	芯褌械褔薪芯褋褌褜	symptom
swelling in the body	芯锌褍褏邪薪懈械 褔邪褋褌械泄 褌械谢邪	symptom
swelling of neck or face	芯褌械泻 褕械懈 懈谢懈 谢懈褑邪	symptom
swollen	锌褉懈锌褍褏谢芯褋褌褜	symptom
swollen breasts	锌褉懈锌褍褏邪薪懈械 屑芯谢芯褔薪褘褏 卸械谢械蟹	symptom
swollen eyes	锌褉懈锌褍褏谢芯褋褌褜 胁械泻	symptom
swollen gums	锌褉懈锌褍褏谢芯褋褌褜 写械褋械薪	symptom
swollen lymph glands	褍胁械谢懈褔械薪懈械 谢懈屑褎芯褍蟹谢芯胁	symptom
taste and smell changes	懈蟹屑械薪械薪懈褟 胁泻褍褋芯胁褘褏 芯褖褍褖械薪懈泄 懈 芯斜芯薪褟薪懈褟	symptom
teething	锌褉芯褉械蟹褘胁邪薪懈械 蟹褍斜芯胁	symptom
temperature changes	懈蟹屑械薪械薪懈械 褌械屑锌械褉邪褌褍褉褘	symptom
tender	锌芯斜邪谢懈胁邪械褌	symptom
tender gums	泻褉芯胁芯褌芯褔懈胁芯褋褌褜 写械褋械薪	symptom
tender lymph glands	斜芯谢械蟹薪械薪薪褘械 谢懈屑褎芯褍蟹谢褘	symptom
tenderness	斜芯谢械蟹薪械薪薪褘械 芯褖褍褖械薪懈褟	symptom
tenderness	斜芯谢械蟹薪械薪薪芯褋褌褜	symptom
tension headache	谐芯谢芯胁薪邪褟 斜芯谢褜 薪邪锌褉褟卸械薪懈褟	symptom
thick mucus	锌谢芯褌薪邪褟 屑芯泻褉芯褌邪	symptom
thinning bones	懈褋褌芯薪褔械薪懈械 泻芯褋褌械泄	symptom
thirst	卸邪卸写邪	symptom
throbbing headache	锌褍谢褜褋懈褉褍褞褖邪褟 谐芯谢芯胁薪邪褟 斜芯谢褜	symptom
throbbing pain	锌褍谢褜褋懈褉褍褞褖邪褟 斜芯谢褜	symptom
throwing up	褉胁芯褌邪	symptom
tingle	锌芯泻邪谢褘胁邪褌褜	symptom
tingling	锌芯泻邪谢褘胁邪薪懈械	symptom
tingling	锌芯褖懈锌褘胁邪薪懈械	symptom
tiredness	芯褖褍褖械薪懈械 褍褋褌邪谢芯褋褌懈	symptom
tiredness	褔褍胁褋褌胁芯 褍褋褌邪谢芯褋褌懈	symptom
tiredness	褍褋褌邪谢芯褋褌褜	symptom
tongue swelling	芯褌械泻 褟蟹褘泻邪	symptom
tremor	褌褉械屑芯褉	symptom
trouble breathing	蟹邪褌褉褍写薪械薪薪芯械 写褘褏邪薪懈械	symptom
trouble breathing	蟹邪褌褉褍写薪械薪懈械 写褘褏邪薪懈褟	symptom
trouble breathing	锌褉芯斜谢械屑褘 褋 写褘褏邪薪懈械屑	symptom
trouble breathing	褌褉褍写薪芯 写褘褕邪褌褜	symptom
trouble breathing	褌褉褍写薪芯褋褌褜 写褘褏邪薪懈褟	symptom
trouble falling asleep	褌褉褍写薪芯褋褌懈 褋 蟹邪褋褘锌邪薪懈械屑	symptom
trouble seeing	锌褉芯斜谢械屑褘 褋芯 蟹褉械薪懈械屑	symptom
trouble sleeping	锌褉芯斜谢械屑褘 褋芯 褋薪芯屑	symptom
trouble speaking	蟹邪褌褉褍写薪械薪懈械 褉械褔懈	symptom
trouble staying asleep	褌褉褍写薪芯褋褌懈 褋 锌褉械斜褘胁邪薪懈械屑 胁 褋芯褋褌芯褟薪懈懈 褋薪邪	symptom
trouble staying awake	锌褉芯斜谢械屑褘 褋 斜芯写褉褋褌胁芯胁邪薪懈械屑	symptom
trouble swallowing	锌褉芯斜谢械屑褘 褋 谐谢芯褌邪薪懈械屑	symptom
trouble swallowing	蟹邪褌褉褍写薪械薪懈械 谐谢芯褌邪薪懈褟	symptom
trouble walking	锌褉芯斜谢械屑褘 锌褉懈 褏芯卸写械薪懈懈	symptom
true labor	懈褋褌懈薪薪褘械 褋褏胁邪褌泻懈	symptom
tunnel vision	褌褍薪薪械谢褜薪芯械 蟹褉械薪懈械	symptom
twitching movements	褋锌邪蟹屑褘 屑褍褋泻褍谢芯胁	symptom
ulcers	褟蟹胁褘	symptom
ulcers	褟蟹胁芯褔泻懈	symptom
unconsciousness	斜械褋褋芯蟹薪邪褌械谢褜薪芯械 褋芯褋褌芯褟薪懈械	symptom
unconsciousness	锌芯褌械褉褟 褋芯蟹薪邪薪懈褟	symptom
uncontrolled changes in brain activity	薪械泻芯薪褌褉芯谢懈褉褍械屑褘械 懈蟹屑械薪械薪懈褟 邪泻褌懈胁薪芯褋褌懈 屑芯蟹谐邪	symptom
upper right abdominal pain	斜芯谢褜 胁 胁械褉褏薪械泄 锌褉邪胁芯泄 褔邪褋褌懈 卸懈胁芯褌邪	symptom
urge to urinate	褔邪褋褌褘械 锌芯蟹褘胁褘 泻 屑芯褔械懈褋锌褍褋泻邪薪懈褞	symptom
urinary frequency	褔邪褋褌芯械 屑芯褔械懈褋锌褍褋泻邪薪懈械	symptom
urinary urgency	胁薪械蟹邪锌薪褘械 锌芯蟹褘胁褘 泻 屑芯褔械懈褋锌褍褋泻邪薪懈褞	symptom
urinate often	褔邪褋褌芯械 屑芯褔械懈褋锌褍褋泻邪薪懈械	symptom
urinating problems	锌褉芯斜谢械屑褘 褋 屑芯褔械懈褋锌褍褋泻邪薪懈械屑	symptom
urine leakage	胁褘褌械泻邪薪懈械 屑芯褔懈	symptom
uterine contractions	褋芯泻褉邪褖械薪懈褟 屑邪褌泻懈	symptom
uterine cramping	褋褍写芯褉芯谐懈 屑邪褌泻懈	symptom
vaginal bleeding	胁邪谐懈薪邪谢褜薪芯械 泻褉芯胁芯褌械褔械薪懈械	symptom
vaginal bleeding	泻褉芯胁褟薪懈褋褌褘械 胁褘写械谢械薪懈褟 懈蟹 胁谢邪谐邪谢懈褖邪	symptom
vaginal burning	卸卸械薪懈械 芯泻芯谢芯 胁谢邪谐邪谢懈褖邪	symptom
vaginal discharge	胁谢邪谐邪谢懈褖薪褘械 胁褘写械谢械薪懈褟	symptom
vaginal discharge	胁褘写械谢械薪懈褟 懈蟹 胁谢邪谐邪谢懈褖邪	symptom
vaginal discharge	胁褘写械谢械薪懈褟	symptom
vaginal dryness	褋褍褏芯褋褌褜 胁谢邪谐邪谢懈褖邪	symptom
vaginal dryness	胁邪谐懈薪邪谢褜薪邪褟 褋褍褏芯褋褌褜	symptom
vaginal itching	蟹褍写 胁芯 胁谢邪谐邪谢懈褖械	symptom
vaginal itching	蟹褍写 芯泻芯谢芯 胁谢邪谐邪谢懈褖邪	symptom
vaginal itching	蟹褍写 胁谢邪谐邪谢懈褖邪	symptom
vaginal sores	褟蟹胁褘 芯泻芯谢芯 胁谢邪谐邪谢懈褖邪	symptom
vaginal warts	斜芯褉芯写邪胁泻懈 芯泻芯谢芯 胁谢邪谐邪谢懈褖邪	symptom
vision changes	懈蟹屑械薪械薪懈褟 蟹褉械薪懈褟	symptom
vision loss	锌芯褌械褉褟 蟹褉械薪懈褟	symptom
vision problems	锌褉芯斜谢械屑褘 褋芯 蟹褉械薪懈械屑	symptom
vomit	褉胁芯褌邪	symptom
vomiting	褉胁芯褌邪	symptom
vomiting blood	褉胁芯褌邪 褋 泻褉芯胁褜褞	symptom
warm flush	芯褖褍褖械薪懈械 卸邪褉邪	symptom
warmth	锌芯胁褘褕械薪懈械 褌械屑锌械褉邪褌褍褉褘	symptom
warmth	卸卸械薪懈械	symptom
warmth around joint	芯褖褍褖械薪懈械 褌械锌谢邪 芯泻芯谢芯 褋褍褋褌邪胁邪	symptom
water breaks	芯褌褏芯写 胁芯写	symptom
watery eyes	褋谢械蟹芯褌械褔械薪懈械	symptom
watery eyes	褋谢械蟹褟褖懈械褋褟 谐谢邪蟹邪	symptom
weak	褋谢邪斜芯褋褌褜	symptom
weak cough	褋谢邪斜褘泄 泻邪褕械谢褜	symptom
weak immune system	褋谢邪斜褘泄 懈屑屑褍薪懈褌械褌	symptom
weak leg	芯褋谢邪斜谢械薪薪邪褟 薪芯谐邪	symptom
weak pulse	褋谢邪斜褘泄 锌褍谢褜褋	symptom
weakened immune system	芯褋谢邪斜谢械薪薪邪褟 懈屑屑褍薪薪邪褟 褋懈褋褌械屑邪	symptom
weakness	褋谢邪斜芯褋褌褜	symptom
weakness in leg	褋谢邪斜芯褋褌褜 胁 薪芯谐邪褏	symptom
weight gain	薪邪斜芯褉 胁械褋邪	symptom
weight gain	褍胁械谢懈褔械薪懈械 胁械褋邪	symptom
weight loss	锌芯褌械褉褟 胁械褋邪	symptom
weight loss or gain	锌芯褏褍写械薪懈械 懈谢懈 褍胁械谢懈褔械薪懈械 胁械褋邪	symptom
wet diapers	屑芯褔械懈褋锌褍褋泻邪薪懈械	symptom
wheezing	褋胁懈褋褌褟褖械械 写褘褏邪薪懈械	symptom
wheezing	褏褉懈锌褘	symptom
whistling	褋胁懈褋褌	symptom
white patches in the throat	斜械谢褘械 斜谢褟褕泻懈 胁 谐芯褉谢械	symptom
withdrawal symptoms	褋懈屑锌褌芯屑褘 邪斜褋褌懈薪械薪褑懈懈	symptom
worn cartilage	懈蟹薪芯褋懈胁褕懈泄褋褟 褏褉褟褖	symptom
wound	褉邪薪邪	symptom
wound drainage	胁褘写械谢械薪懈褟 懈蟹 芯斜谢邪褋褌懈 褉邪薪褘	symptom
yellow eyes	卸械谢褌褘械 谐谢邪蟹邪	symptom
yellow mucus	卸械谢褌邪褟 屑芯泻褉芯褌邪	symptom
yellow or green mucus	卸械谢褌邪褟 懈谢懈 蟹械谢械薪邪褟 屑芯泻褉芯褌邪	symptom
yellow skin	卸械谢褌邪褟 泻芯卸邪	symptom
yellowing of skin and eyes	芯泻褉邪褕械薪薪芯褋褌褜 泻芯卸懈 懈 斜械谢泻芯胁 谐谢邪蟹 胁 卸械谢褌褘泄 褑胁械褌	symptom
24-hour urine test	褋褍褌芯褔薪褘泄 邪薪邪谢懈蟹 屑芯褔懈	test
a1c test	邪薪邪谢懈蟹 a1c	test
abdominal ultrasound	褍蟹懈 斜褉褞褕薪芯泄 锌芯谢芯褋褌懈	test
albumin test	邪薪邪谢懈蟹 薪邪 邪谢褜斜褍屑懈薪	test
allergy testing	邪谢谢械褉谐懈褔械褋泻懈械 锌褉芯斜褘	test
alpha fetoprotein test	褌械褋褌 薪邪 邪谢褜褎邪-褎械褌芯锌褉芯褌械懈薪	test
angiogram	邪薪谐懈芯谐褉邪褎懈褟	test
axillary temperature	褌械屑锌械褉邪褌褍褉邪 锌芯写 屑褘褕泻芯泄	test
baby's heart rate	褋械褉写械褔薪褘泄 褉懈褌屑 锌谢芯写邪	test
baby's heartbeat	褋械褉写褑械斜懈械薪懈械 锌谢芯写邪	test
barium enema	斜邪褉懈械胁邪褟 泻谢懈蟹屑邪	test
barium x-ray	褉械薪褌谐械薪 褋 斜邪褉懈械屑	test
barium x-rays	褉械薪褌谐械薪 褋 斜邪褉懈械屑	test
biophysical profile	斜懈芯褎懈蟹懈褔械褋泻懈泄 锌褉芯褎懈谢褜	test
bladder test	褍褉芯写懈薪邪屑懈褔械褋泻芯械 懈褋褋谢械写芯胁邪薪懈械	test
blood cholesterol level	褍褉芯胁械薪褜 褏芯谢械褋褌械褉懈薪邪 胁 泻褉芯胁懈	test
blood glucose	谐谢褞泻芯蟹邪 胁 泻褉芯胁懈	test
blood pressure	泻褉芯胁褟薪芯械 写邪胁谢械薪懈械	test
blood pressure	写邪胁谢械薪懈械	test
blood pressure check	锌褉芯胁械褉泻邪 邪褉褌械褉懈邪谢褜薪芯谐芯 写邪胁谢械薪懈褟	test
blood pressure check	懈蟹屑械褉械薪懈械 写邪胁谢械薪懈褟	test
blood sample	邪薪邪谢懈蟹 泻褉芯胁懈	test
blood sugar	褍褉芯胁械薪褜 褋邪褏邪褉邪	test
blood sugar	褋邪褏邪褉 胁 泻褉芯胁懈	test
blood sugar	褍褉芯胁械薪褜 褋邪褏邪褉邪 胁 泻褉芯胁懈	test
blood sugar level	褍褉芯胁械薪褜 褋邪褏邪褉邪 胁 泻褉芯胁懈	test
blood sugar levels	褍褉芯胁械薪褜 褋邪褏邪褉邪 胁 泻褉芯胁懈	test
blood test	邪薪邪谢懈蟹 泻褉芯胁懈	test
blood test for jaundice	邪薪邪谢懈蟹 泻褉芯胁懈 薪邪 卸械谢褌褍褏褍	test
blood tests	邪薪邪谢懈蟹褘 泻褉芯胁懈	test
blood tests	邪薪邪谢懈蟹 泻褉芯胁懈	test
blood type	谐褉褍锌锌邪 泻褉芯胁懈	test
blood urea nitrogen	邪蟹芯褌 胁 褋芯褋褌邪胁械 屑芯褔械胁懈薪褘 泻褉芯胁懈	test
body temperature	褌械屑锌械褉邪褌褍褉邪 褌械谢邪	test
bone densitometry test	芯褋褌械芯写械薪褋懈褌芯屑械褌褉懈褟	test
bone density	锌谢芯褌薪芯褋褌褜 泻芯褋褌械泄	test
bone marrow biopsy	斜懈芯锌褋懈褟 泻芯褋褌薪芯谐芯 屑芯蟹谐邪	test
bone mineral density test	邪薪邪谢懈蟹 屑懈薪械褉邪谢褜薪芯泄 锌谢芯褌薪芯褋褌懈 泻芯褋褌薪芯泄 褌泻邪薪懈	test
bone scan	褋褑懈薪褌懈谐褉邪褎懈褟	test
brain activity	邪泻褌懈胁薪芯褋褌褜 屑芯蟹谐邪	test
breast ultrasound	褍蟹懈 屑芯谢芯褔薪褘褏 卸械谢械蟹	test
breathing	写褘褏邪薪懈械	test
breathing rate	褔邪褋褌芯褌邪 写褘褏邪薪懈褟	test
bun test	邪薪邪谢懈蟹 bun	test
cancer screening	褌械褋褌懈褉芯胁邪薪懈械 薪邪 褉邪泻	test
cardiac magnetic resonance imaging	屑邪谐薪懈褌薪芯-褉械蟹芯薪邪薪褋薪邪褟 褌芯屑芯谐褉邪褎懈褟 褋械褉写褑邪	test
cardiac stress test	薪邪谐褉褍蟹芯褔薪褘泄 褌械褋褌 褋械褉写褑邪	test
cardiac ultrasound	褍蟹懈 褋械褉写褑邪	test
cervical cancer screening	褋泻褉懈薪懈薪谐 薪邪 褉邪泻 褕械泄泻懈 屑邪褌泻懈	test
chest x-ray	褉械薪褌谐械薪 谐褉褍写薪芯泄 泻谢械褌泻懈	test
chest x-ray	褎谢褞芯褉芯谐褉邪褎懈褟 谐褉褍写薪芯泄 泻谢械褌泻懈	test
chest x-ray	褉械薪褌谐械薪芯谐褉邪褎懈褟 芯褉谐邪薪芯胁 谐褉褍写薪芯泄 泻谢械褌泻懈	test
chest x-ray	褎谢褞芯褉芯谐褉邪褎懈褟	test
chest x-ray	褉械薪褌谐械薪芯谐褉邪褎懈褟 谢械谐泻懈褏	test
chest x-ray	褉械薪褌谐械薪芯胁褋泻懈泄 褋薪懈屑芯泻 谐褉褍写薪芯泄 泻谢械褌泻懈	test
cholesterol test	邪薪邪谢懈蟹 泻褉芯胁懈 薪邪 褏芯谢械褋褌械褉懈薪	test
clean catch urine sample	褋斜芯褉 屑芯褔懈 屑械褌芯写芯屑 clean catch	test
computerized tomography scan	泻褌-褋泻邪薪懈褉芯胁邪薪懈械	test
contraction stress test	泻芯薪褌褉邪泻褌懈谢褜薪褘泄 褋褌褉械褋褋芯胁褘泄 褌械褋褌	test
coronary angiogram	泻芯褉芯薪邪褉薪邪褟 邪薪谐懈芯谐褉邪屑屑邪	test
creatinine test	褌械褋褌 薪邪 泻褉械邪褌懈薪懈薪	test
ct scan	泻褌	test
dental x-rays	褉械薪褌谐械薪 蟹褍斜芯胁	test
diastolic reading	写懈邪褋褌芯谢懈褔械褋泻芯械 写邪胁谢械薪懈械	test
dilated eye exam	芯褎褌邪谢褜屑芯褋泻芯锌懈褟 锌褉懈 褉邪褋褕懈褉械薪薪芯屑 蟹褉邪褔泻械	test
dual-energy x-ray absorptiometry	写胁褍褏褝薪械褉谐械褌懈褔械褋泻邪褟 褉械薪褌谐械薪芯胁褋泻邪褟 邪斜褋芯褉斜褑懈芯屑械褌褉懈褟	test
dxa scan	dxa 褋泻邪薪懈褉芯胁邪薪懈械	test
ecg	褝泻谐	test
echocardiogram	褝褏芯泻邪褉写懈芯谐褉邪屑屑邪	test
eeg	褝褝谐	test
egd	褎谐写褋	test
ekg	褝泻谐	test
electrocardiogram	褝谢械泻褌褉芯泻邪褉写懈芯谐褉邪屑屑邪	test
electrocardiogram	褝泻谐	test
electroencephalogram	褝谢械泻褌褉芯褝薪褑械褎邪谢芯谐褉邪屑屑邪	test
electromyogram	褝谢械泻褌褉芯屑懈芯谐褉邪褎懈褟	test
electromyography	褝谢械泻褌褉芯屑懈芯谐褉邪褎懈褟	test
electrophysiology study	褝谢械泻褌褉芯褎懈蟹懈芯谢芯谐懈褔械褋泻芯械 懈褋褋谢械写芯胁邪薪懈械	test
emg	褝屑谐	test
endogastroduodenoscopy	褝薪写芯褋泻芯锌懈褟 胁械褉褏薪懈褏 芯褌写械谢芯胁	test
eps	褝褎懈	test
exercise stress test	薪邪谐褉褍蟹芯褔薪褘泄 褌械褋褌 薪邪 褌褉械薪邪卸械褉械	test
eye pressure test	懈蟹屑械褉械薪懈械 胁薪褍褌褉懈谐谢邪蟹薪芯谐芯 写邪胁谢械薪懈褟	test
fall risk assessment	芯褑械薪泻邪 褉懈褋泻邪 锌邪写械薪懈泄	test
fasting blood sugar	邪薪邪谢懈蟹 泻褉芯胁懈 薪邪 褋邪褏邪褉 薪邪褌芯褖邪泻	test
fasting blood sugar test	邪薪邪谢懈蟹 褍褉芯胁薪褟 褋邪褏邪褉邪 薪邪褌芯褖邪泻	test
fasting plasma glucose	邪薪邪谢懈蟹 谐谢褞泻芯蟹褘 锌谢邪蟹屑褘 薪邪褌芯褖邪泻	test
fetal heart rate	褔邪褋褌芯褌邪 褋械褉写械褔薪褘褏 褋芯泻褉邪褖械薪懈泄 锌谢芯写邪	test
fetal movement count	锌芯写褋褔械褌 褔邪褋褌芯褌褘 褕械胁械谢械薪懈褟 锌谢芯写邪	test
gastric emptying scan	褋泻邪薪懈褉芯胁邪薪懈械 芯锌芯褉芯卸薪械薪懈褟 卸械谢褍写泻邪	test
glucose level	褍褉芯胁械薪褜 谐谢褞泻芯蟹褘	test
glucose levels	褍褉芯胁械薪褜 谐谢褞泻芯蟹褘	test
glucose meter	懈蟹屑械褉懈褌械谢褜 谐谢褞泻芯蟹褘	test
glucose meter	谐谢褞泻芯屑械褌褉	test
glucose screening	褔邪褋芯胁芯泄 谐谢褞泻芯蟹芯褌芯谢械褉邪薪褌薪褘泄 褌械褋褌	test
glucose testing	邪薪邪谢懈蟹 薪邪 芯锌褉械写械谢械薪懈械 褍褉芯胁薪褟 褋邪褏邪褉邪 胁 泻褉芯胁懈	test
glucose testing	邪薪邪谢懈蟹 泻褉芯胁懈 薪邪 褋芯写械褉卸邪薪懈械 谐谢褞泻芯蟹褘	test
glucose tolerance test	谐谢褞泻芯蟹芯褌芯谢械褉邪薪褌薪褘泄 褌械褋褌	test
glucose tolerance test	褌械褋褌 薪邪 褌芯谢械褉邪薪褌薪芯褋褌褜 泻 谐谢褞泻芯蟹械	test
hba1c	hba1c	test
hdl	谢锌胁锌	test
hearing test	锌褉芯胁械褉泻邪 褋谢褍褏邪	test
heart monitor	褋械褉写械褔薪褘泄 屑芯薪懈褌芯褉	test
heart rate	锌褍谢褜褋	test
heart rate	褋械褉写械褔薪褘泄 褉懈褌屑	test
heart rate	褋械褉写褑械斜懈械薪懈械 褉械斜械薪泻邪	test
hemoglobin a1c	谐械屑芯谐谢芯斜懈薪 a1c	test
hemoglobin a1c	谐谢懈泻懈褉芯胁邪薪薪褘泄 谐械屑芯谐谢芯斜懈薪	test
high density lipoproteins	谢懈锌芯锌褉芯褌械懈写褘 胁褘褋芯泻芯泄 锌谢芯褌薪芯褋褌懈	test
hiv testing	褌械褋褌 薪邪 胁懈褔	test
holter monitor	褏芯谢褌械褉芯胁褋泻懈泄 屑芯薪懈褌芯褉	test
holter monitoring	屑芯薪懈褌芯褉懈薪谐 褏芯谢褌械褉邪	test
hormone levels	褍褉芯胁械薪褜 谐芯褉屑芯薪芯胁	test
iron level	褍褉芯胁械薪褜 卸械谢械蟹邪	test
lab tests	谢邪斜芯褉邪褌芯褉薪褘械 邪薪邪谢懈蟹褘	test
lancet	谢邪薪褑械褌	test
lancing device	谢邪薪褑械褌薪芯械 褍褋褌褉芯泄褋褌胁芯	test
ldl	谢锌薪锌	test
leg movements	写胁懈卸械薪懈械 薪芯谐	test
low density lipoproteins	谢懈锌芯锌褉芯褌械懈写褘 薪懈蟹泻芯泄 锌谢芯褌薪芯褋褌懈	test
lung function tests	褌械褋褌褘 褎褍薪泻褑懈懈 谢械谐泻懈褏	test
magnetic resonance image	屑褉褌	test
magnetic resonance imaging	屑邪谐薪懈褌薪芯-褉械蟹芯薪邪薪褋薪邪褟 褌芯屑芯谐褉邪褎懈褟	test
mammogram	屑邪屑屑芯谐褉邪屑屑邪	test
mammogram	屑邪屑屑芯谐褉邪褎懈褟	test
medicine stress test	薪邪谐褉褍蟹芯褔薪褘泄 褌械褋褌 褋 锌芯屑芯褖褜褞 谢械泻邪褉褋褌胁邪	test
microalbuminuria test	邪薪邪谢懈蟹 薪邪 屑懈泻褉芯邪谢褜斜褍屑懈薪褘	test
modified barium swallow	褉械薪褌谐械薪芯谢芯谐懈褔械褋泻芯械 懈褋褋谢械写芯胁邪薪懈械 锌懈褖械胁芯写邪 褋 斜邪褉懈械屑	test
modified biophysical profile	屑芯写懈褎懈褑懈褉芯胁邪薪薪褘泄 斜懈芯褎懈蟹懈褔械褋泻懈泄 锌褉芯褎懈谢褜	test
mri	屑褉褌	test
mri	屑邪谐薪懈褌薪芯-褉械蟹芯薪邪薪褋薪邪褟 褌芯屑芯谐褉邪褎懈褟	test
muga	褉邪写懈芯薪褍泻谢懈写薪邪褟 邪薪谐懈芯谐褉邪褎懈褟	test
nerve conduction study	懈褋褋谢械写芯胁邪薪懈械 薪械褉胁薪芯泄 锌褉芯胁芯写懈屑芯褋褌懈	test
nerve conduction test	褌械褋褌 薪械褉胁薪芯泄 锌褉芯胁芯写懈屑芯褋褌懈	test
nerve conduction test	懈褋褋谢械写芯胁邪薪懈械 薪械褉胁薪芯泄 锌褉芯胁芯写懈屑芯褋褌懈	test
non-stress test	薪械褋褌褉械褋褋芯胁褘泄 褌械褋褌	test
oral temperature	褌械屑锌械褉邪褌褍褉邪 锌褉懈 懈蟹屑械褉械薪懈懈 胁芯 褉褌褍	test
oxygen in blood	泻懈褋谢芯褉芯写 胁 泻褉芯胁懈	test
oxygen level	褍褉芯胁械薪褜 泻懈褋谢芯褉芯写邪	test
oxygen levels	褍褉芯胁械薪褜 泻懈褋谢芯褉芯写邪	test
pap smear	屑邪蟹芯泻 锌邪锌邪薪懈泻芯谢邪褍	test
peak flow	锌薪械胁屑芯褌邪褏芯屑械褌褉懈褟	test
peak flow meter	锌薪械胁屑芯褌邪褏芯屑械褌褉	test
peak flow meter	锌懈泻褎谢芯褍屑械褌褉	test
pelvic exam	芯褋屑芯褌褉 褍 谐懈薪械泻芯谢芯谐邪	test
pelvic ultrasound	褍蟹懈 芯褉谐邪薪芯胁 屑邪谢芯谐芯 褌邪蟹邪	test
pet scan	锌褝褌	test
polysomnography	锌芯谢懈褋芯屑薪芯谐褉邪褎懈褟	test
positron emission tomography scan	锌褝褌-褋泻邪薪懈褉芯胁邪薪懈械	test
pregnancy test	褌械褋褌 薪邪 斜械褉械屑械薪薪芯褋褌褜	test
pulmonary function tests	褎褍薪泻褑懈芯薪邪谢褜薪褘械 褌械褋褌褘 谢械谐泻懈褏	test
pulse	锌褍谢褜褋	test
quad screen	褔械褌胁械褉薪芯泄 褌械褋褌	test
rectal temperature	褉械泻褌邪谢褜薪邪褟 褌械屑锌械褉邪褌褍褉邪	test
rectal temperature	褌械屑锌械褉邪褌褍褉邪 胁 蟹邪写薪械屑 锌褉芯褏芯写械	test
retinal test	懈褋褋谢械写芯胁邪薪懈械 褋械褌褔邪褌泻懈	test
rh factor	褉械蟹褍褋-褎邪泻褌芯褉	test
rubella antibodies	邪薪褌懈褌械谢邪 泻 泻褉邪褋薪褍褏械	test
scans	褋泻邪薪懈褉芯胁邪薪懈械	test
skin exam	芯褋屑芯褌褉 泻芯卸懈	test
skin test	泻芯卸薪褘泄 褌械褋褌	test
skin tests	泻芯卸薪褘械 锌褉芯斜褘	test
sleep diary	写薪械胁薪懈泻 褋薪邪	test
sleep study	懈褋褋谢械写芯胁邪薪懈械 褋薪邪	test
specimen	芯斜褉邪蟹械褑	test
sputum culture	邪薪邪谢懈蟹 屑芯泻褉芯褌褘	test
sputum culture	斜邪泻褌械褉懈芯谢芯谐懈褔械褋泻芯械 懈褋褋谢械写芯胁邪薪懈械 屑芯泻褉芯褌褘	test
sputum test	邪薪邪谢懈蟹 屑芯泻褉芯褌褘	test
stool sample	邪薪邪谢懈蟹 褋褌褍谢邪	test
stool test	邪薪邪谢懈蟹 泻邪谢邪	test
stress echo	褋褌褉械褋褋-褝褏芯泻邪褉写懈芯谐褉邪褎懈褟	test
stress echocardiogram	褋褌褉械褋褋-褝褏芯泻邪褉写懈芯谐褉邪褎懈褟	test
stress muga	褉邪写懈芯薪褍泻谢懈写薪邪褟 邪薪谐懈芯谐褉邪褎懈褟 褋 薪邪谐褉褍蟹泻芯泄	test
stress test	薪邪谐褉褍蟹芯褔薪褘泄 褌械褋褌	test
systolic reading	褋懈褋褌芯谢懈褔械褋泻芯械 写邪胁谢械薪懈械	test
temporal temperature	谢芯斜薪邪褟 褌械屑锌械褉邪褌褍褉邪	test
test results	褉械蟹褍谢褜褌邪褌褘 懈褋褋谢械写芯胁邪薪懈褟	test
test strips	褌械褋褌-锌芯谢芯褋泻懈	test
throat swab	屑邪蟹芯泻 蟹邪写薪械泄 褋褌械薪泻懈 谐芯褉谢邪	test
thyroid scan	褌懈褉械芯褋褑懈薪褌懈谐褉邪褎懈褟	test
thyroid ultrasound	褍蟹懈 褖懈褌芯胁懈写薪芯泄 卸械谢械蟹褘	test
tissue samples	芯斜褉邪蟹褑褘 褌泻邪薪懈	test
total cholesterol blood level	芯斜褖懈泄 褍褉芯胁械薪褜 褏芯谢械褋褌械褉懈薪邪 胁 泻褉芯胁懈	test
transesophageal echocardiography	褔褉械褋锌懈褖械胁芯写薪邪褟 褝褏芯泻邪褉写懈芯谐褉邪褎懈褟	test
triglyceride blood level	褍褉芯胁械薪褜 褌褉懈谐谢懈褑械褉懈写芯胁 胁 泻褉芯胁懈	test
triglycerides	褌褉懈谐谢懈褑械褉懈写褘	test
triglycerides test	邪薪邪谢懈蟹 薪邪 褌褉懈谐谢懈褑械褉懈写褘	test
tympanic temperature	褍褕薪邪褟 褌械屑锌械褉邪褌褍褉邪	test
ultrasound	褍蟹懈	test
ultrasound	褍谢褜褌褉邪蟹胁褍泻芯胁芯械 懈褋褋谢械写芯胁邪薪懈械	test
ultrasound	褍谢褜褌褉邪蟹胁褍泻芯胁芯械 芯斜褋谢械写芯胁邪薪懈械	test
ultrasound	褍谢褜褌褉邪蟹胁褍泻	test
upper endoscopy	褝薪写芯褋泻芯锌懈褟 胁械褉褏薪懈褏 芯褌写械谢芯胁	test
urine sample	邪薪邪谢懈蟹 屑芯褔懈	test
urine sample	芯斜褉邪蟹械褑 屑芯褔懈	test
urine test	邪薪邪谢懈蟹 屑芯褔懈	test
urine test for protein	邪薪邪谢懈蟹 屑芯褔懈 薪邪 斜械谢芯泻	test
urine tests	邪薪邪谢懈蟹褘 屑芯褔懈	test
varicella antibodies	邪薪褌懈褌械谢邪 泻 胁械褌褉褟薪芯泄 芯褋锌械	test
vision test	蟹褉懈褌械谢褜薪褘泄 褌械褋褌	test
wet diapers	屑芯泻褉褘械 锌芯写谐褍蟹薪懈泻懈	test
white blood cell count	褍褉芯胁械薪褜 谢械泄泻芯褑懈褌芯胁	test
x-ray	褉械薪褌谐械薪	test
x-ray	褉械薪褌谐械薪芯胁褋泻懈泄 褋薪懈屑芯泻	test
x-ray pictures	褉械薪褌谐械薪芯胁褋泻懈械 褋薪懈屑泻懈	test
x-ray test	褉械薪褌谐械薪芯胁褋泻芯械 懈褋褋谢械写芯胁邪薪懈械	test
x-rays	褉械薪褌谐械薪芯胁褋泻懈械 褋薪懈屑泻懈	test
x-rays	褉械薪褌谐械薪	test
